228 , 269
208 , 270
191 , 273
35 , 273
226 , 267
225 , 276
267 , 307
161 , 277
246 , 315
169 , 315
290 , 325
28 , 295
194 , 326
240 , 333
21 , 333
316 , 317
287 , 338
224 , 341
1450 , 344
337 , 336
984 , 336
1839 , 354
190 , 361
1001 , 343
1525 , 349
294 , 370
243 , 342
1025 , 360
964 , 362
724 , 366
350 , 369
1542 , 373
257 , 395
146 , 379
1014 , 401
380 , 373
1531 , 386
953 , 409
144 , 412
403 , 414
398 , 398
1877 , 398
789 , 404
1554 , 407
783 , 409
1501 , 412
1513 , 434
63 , 418
263 , 440
1462 , 423
872 , 446
1497 , 448
300 , 434
945 , 436
985 , 439
1026 , 443
1560 , 446
998 , 466
1537 , 448
30 , 457
722 , 476
1563 , 461
382 , 462
62 , 468
242 , 468
1447 , 491
162 , 495
255 , 480
306 , 484
967 , 485
1006 , 488
887 , 493
344 , 493
978 , 516
411 , 499
2159 , 505
1556 , 509
373 , 511
277 , 515
158 , 540
1541 , 525
259 , 532
1023 , 556
957 , 560
371 , 563
1478 , 538
36 , 550
282 , 553
216 , 552
937 , 564
173 , 570
249 , 572
308 , 566
237 , 579
174 , 581
286 , 603
988 , 586
275 , 606
997 , 593
892 , 596
145 , 619
1469 , 590
810 , 606
343 , 598
6 , 634
905 , 609
1491 , 623
1013 , 627
354 , 618
1502 , 623
248 , 638
181 , 629
968 , 647
1551 , 635
309 , 638
379 , 641
1507 , 645
412 , 649
320 , 652
1845 , 666
410 , 658
1130 , 677
1881 , 680
1889 , 682
433 , 684
2152 , 687
83 , 690
1603 , 692
630 , 695
1630 , 696
392 , 720
2165 , 706
635 , 725
3333 , 709
2297 , 711
1579 , 734
413 , 718
1895 , 720
593 , 723
352 , 725
395 , 720
441 , 751
1250 , 752
111 , 756
4095 , 730
2448 , 761
1861 , 752
864 , 748
1561 , 770
1914 , 769
4057 , 771
2167 , 758
638 , 781
58 , 765
1635 , 783
466 , 787
70 , 795
1904 , 798
1094 , 783
620 , 801
1940 , 804
567 , 807
1943 , 810
1688 , 814
2172 , 816
4042 , 820
468 , 823
1961 , 830
1736 , 829
1660 , 835
1983 , 835
1517 , 838
376 , 841
1255 , 847
2254 , 847
3767 , 850
102 , 856
424 , 854
1515 , 858
1669 , 862
1673 , 866
2071 , 870
1569 , 874
2261 , 875
1944 , 877
407 , 880
3986 , 883
1590 , 885
120 , 889
4813 , 891
431 , 894
3902 , 897
739 , 900
459 , 903
1932 , 907
4909 , 908
1903 , 912
4706 , 915
451 , 918
3372 , 922
2189 , 925
156 , 929
430 , 931
2166 , 934
1614 , 937
223 , 940
1645 , 948
1580 , 951
2190 , 924
76 , 941
496 , 963
428 , 947
1608 , 973
454 , 960
634 , 964
67 , 958
2887 , 998
514 , 980
2602 , 990
4709 , 980
397 , 1010
450 , 1022
1696 , 1022
1685 , 1002
427 , 1035
1589 , 1035
113 , 1031
1906 , 1030
1618 , 1027
1636 , 1038
3720 , 1038
517 , 1045
4061 , 1032
435 , 1056
720 , 1054
1570 , 1060
3626 , 1062
1186 , 1062
2396 , 1070
2964 , 1068
2264 , 1074
375 , 1077
3178 , 1090
1518 , 1088
2295 , 1078
3419 , 1106
1958 , 1113
1991 , 1104
1101 , 1116
560 , 1119
91 , 1122
539 , 1109
2034 , 1127
2337 , 1130
4491 , 1134
128 , 1141
2036 , 1140
597 , 1142
1144 , 1146
537 , 1149
4492 , 1156
1084 , 1155
456 , 1158
97 , 1161
1115 , 1164
2457 , 1167
699 , 1170
848 , 1176
1151 , 1175
2343 , 1177
110 , 1180
2305 , 1183
472 , 1186
502 , 1189
4493 , 1191
2103 , 1194
2001 , 1197
817 , 1199
505 , 1202
1166 , 1209
2022 , 1208
1171 , 1214
1037 , 1214
770 , 1220
1377 , 1222
914 , 1225
551 , 1229
4067 , 1234
650 , 1237
2015 , 1241
423 , 1246
606 , 1250
3092 , 1268
2790 , 1271
734 , 1278
69 , 1280
925 , 1282
1273 , 1288
1074 , 1291
2350 , 1294
824 , 1295
485 , 1296
170 , 1299
467 , 1305
4561 , 1306
1125 , 1311
2312 , 1311
2762 , 1316
874 , 1319
1158 , 1321
4494 , 1323
2046 , 1325
143 , 1331
2025 , 1333
573 , 1336
2469 , 1340
786 , 1343
1262 , 1346
99 , 1349
626 , 1352
1221 , 1354
1123 , 1357
1269 , 1361
899 , 1351
1766 , 1351
522 , 1370
2083 , 1355
2074 , 1358
1224 , 1362
758 , 1380
2004 , 1366
3049 , 1368
2988 , 1371
790 , 1392
477 , 1395
487 , 1381
3019 , 1384
921 , 1386
1849 , 1395
557 , 1393
481 , 1401
2797 , 1400
2705 , 1401
2095 , 1404
1156 , 1406
2091 , 1410
2647 , 1418
2080 , 1416
108 , 1419
2094 , 1422
2020 , 1424
164 , 1427
825 , 1429
623 , 1433
794 , 1435
2314 , 1439
476 , 1442
2388 , 1464
1227 , 1448
2067 , 1451
495 , 1454
23 , 1457
1206 , 1480
119 , 1464
1137 , 1466
2668 , 1470
3425 , 1473
1967 , 1494
37 , 1480
633 , 1483
1008 , 1487
136 , 1506
425 , 1492
100 , 1494
1247 , 1516
464 , 1500
2349 , 1509
3773 , 1510
2002 , 1511
293 , 1499
791 , 1502
612 , 1506
624 , 1510
617 , 1512
2339 , 1522
1225 , 1520
916 , 1530
3742 , 1522
780 , 1536
599 , 1528
4 , 1531
1947 , 1534
778 , 1539
40 , 1540
4708 , 1555
819 , 1561
600 , 1564
545 , 1567
87 , 1570
2401 , 1573
721 , 1575
1212 , 1578
2011 , 1566
2573 , 1602
2438 , 1608
1005 , 1598
614 , 1615
4565 , 1599
1281 , 1605
878 , 1615
1232 , 1613
1214 , 1613
115 , 1633
3054 , 1616
1226 , 1622
2472 , 1623
98 , 1628
3796 , 1647
911 , 1630
559 , 1633
680 , 1637
3162 , 1631
4575 , 1660
42 , 1647
541 , 1668
520 , 1669
3039 , 1677
592 , 1677
74 , 1682
743 , 1668
2403 , 1667
429 , 1673
2096 , 1674
2406 , 1681
738 , 1681
179 , 1684
2076 , 1707
1290 , 1690
54 , 1720
4477 , 1703
697 , 1701
71 , 1704
761 , 1708
995 , 1708
4571 , 1731
2402 , 1734
515 , 1737
1081 , 1722
746 , 1722
747 , 1728
993 , 1730
2414 , 1734
2100 , 1737
938 , 1746
737 , 1743
94 , 1746
857 , 1749
4585 , 1753
1277 , 1754
818 , 1758
847 , 1758
2168 , 1763
4591 , 1769
765 , 1769
860 , 1774
2296 , 1774
1309 , 1779
1397 , 1777
2134 , 1782
753 , 1783
1337 , 1791
1000 , 1788
540 , 1792
1293 , 1797
1191 , 1816
2176 , 1800
123 , 1803
68 , 1806
816 , 1828
2815 , 1812
2171 , 1833
2382 , 1833
1063 , 1820
1135 , 1841
3292 , 1826
516 , 1848
3975 , 1833
50 , 1836
513 , 1857
2304 , 1861
826 , 1845
483 , 1847
506 , 1851
886 , 1855
4694 , 1875
3144 , 1859
2352 , 1881
2389 , 1865
718 , 1867
802 , 1889
140 , 1873
1034 , 1877
1036 , 1881
78 , 1906
3761 , 1893
85 , 1889
480 , 1912
3074 , 1914
867 , 1917
486 , 1917
195 , 1904
576 , 1926
1163 , 1909
571 , 1932
4567 , 1915
2120 , 1919
409 , 1939
2348 , 1926
2344 , 1948
598 , 1951
5 , 1954
581 , 1937
84 , 1940
2957 , 1940
1280 , 1946
2373 , 1949
4686 , 1953
1201 , 1955
2087 , 1976
2416 , 1959
1294 , 1982
498 , 1968
2400 , 1969
1230 , 1973
1995 , 1995
1210 , 1978
1288 , 2000
57 , 2003
1274 , 1979
1295 , 2008
2355 , 1983
504 , 1994
903 , 1989
2006 , 2002
4065 , 1991
1373 , 1994
4568 , 2009
2973 , 2012
2575 , 2034
812 , 2016
494 , 2038
1408 , 2028
1228 , 2020
4496 , 2035
2057 , 2038
1312 , 2041
763 , 2060
552 , 2048
3060 , 2048
1164 , 2066
2842 , 2052
2289 , 2053
570 , 2056
511 , 2060
4983 , 2062
2330 , 2065
575 , 2067
2062 , 2070
3061 , 2093
527 , 2077
2201 , 2097
977 , 2079
4629 , 2102
2364 , 2107
3568 , 2092
1234 , 2113
22 , 2100
18 , 2121
3278 , 2120
736 , 2093
4711 , 2126
1420 , 2099
1304 , 2102
691 , 2137
438 , 2120
2277 , 2122
1598 , 2125
2241 , 2149
1941 , 2132
186 , 2139
3884 , 2139
580 , 2158
4969 , 2145
4821 , 2146
2541 , 2169
1588 , 2171
901 , 2143
1855 , 2161
3942 , 2163
823 , 2162
1368 , 2174
2615 , 2174
1047 , 2178
4819 , 2180
2214 , 2181
4617 , 2186
834 , 2190
694 , 2192
1187 , 2194
1054 , 2214
639 , 2201
2244 , 2221
1436 , 2206
1052 , 2207
2216 , 2213
192 , 2213
2474 , 2204
1480 , 2218
1545 , 2221
101 , 2225
4865 , 2234
4104 , 2235
1118 , 2237
2542 , 2239
112 , 2241
649 , 2242
3453 , 2248
2334 , 2269
2453 , 2255
4833 , 2257
178 , 2257
646 , 2267
2424 , 2265
2646 , 2254
2634 , 2260
1251 , 2260
2475 , 2275
1049 , 2269
177 , 2280
5000 , 2283
2413 , 2290
2425 , 2289
583 , 2292
674 , 2295
1285 , 2297
253 , 2321
2029 , 2306
535 , 2297
4578 , 2312
1716 , 2332
3465 , 2335
4463 , 2337
230 , 2323
215 , 2327
4183 , 2328
326 , 2333
849 , 2337
2090 , 2327
1828 , 2359
359 , 2332
2869 , 2348
1817 , 2338
231 , 2353
856 , 2356
2033 , 2376
2061 , 2350
861 , 2363
1719 , 2366
274 , 2372
971 , 2392
523 , 2378
247 , 2377
4086 , 2374
1687 , 2374
1933 , 2377
25 , 2379
3822 , 2391
1382 , 2385
319 , 2397
4393 , 2420
2951 , 2394
2463 , 2426
2065 , 2413
942 , 2415
1585 , 2406
2724 , 2438
4097 , 2421
347 , 2444
2037 , 2427
1540 , 2449
1714 , 2436
2128 , 2436
1835 , 2439
832 , 2462
2889 , 2445
4332 , 2449
1535 , 2438
364 , 2453
894 , 2457
285 , 2464
1557 , 2452
2669 , 2485
2765 , 2458
4998 , 2490
339 , 2492
1024 , 2466
3466 , 2479
1031 , 2482
1406 , 2484
4194 , 2508
1890 , 2491
637 , 2494
1622 , 2516
538 , 2490
478 , 2503
1939 , 2505
1686 , 2499
553 , 2531
643 , 2514
3368 , 2518
2307 , 2521
1667 , 2533
896 , 2527
1804 , 2539
298 , 2533
859 , 2535
366 , 2538
2042 , 2542
1090 , 2545
629 , 2548
1782 , 2571
4470 , 2555
3352 , 2557
342 , 2562
865 , 2564
1838 , 2568
264 , 2590
1307 , 2592
1032 , 2589
4354 , 2599
2084 , 2583
2030 , 2587
3473 , 2609
2880 , 2608
841 , 2597
2813 , 2600
1044 , 2621
4549 , 2625
4460 , 2627
4839 , 2629
1146 , 2636
2696 , 2620
357 , 2641
2367 , 2625
615 , 2645
4358 , 2647
401 , 2650
2932 , 2634
1633 , 2656
1141 , 2659
489 , 2644
2191 , 2647
1441 , 2668
556 , 2670
1142 , 2642
1419 , 2679
4702 , 2650
3526 , 2654
1638 , 2688
1349 , 2691
1490 , 2665
1466 , 2667
2484 , 2700
1053 , 2673
1181 , 2678
2886 , 2711
1773 , 2696
2680 , 2701
391 , 2722
1147 , 2723
1797 , 2729
2032 , 2715
1165 , 2718
2523 , 2722
512 , 2724
1424 , 2745
715 , 2749
3654 , 2755
2966 , 2758
1584 , 2767
1062 , 2749
317 , 2770
3563 , 2757
1356 , 2762
1316 , 2766
400 , 2783
2051 , 2772
3983 , 2776
1577 , 2779
4411 , 2796
1879 , 2785
1756 , 2805
1807 , 2809
405 , 2813
2207 , 2802
1878 , 2819
1467 , 2808
154 , 2811
180 , 2813
2502 , 2817
1417 , 2819
2708 , 2839
4361 , 2824
1639 , 2829
888 , 2849
399 , 2850
1058 , 2840
1641 , 2841
2818 , 2847
1809 , 2868
31 , 2846
4090 , 2849
610 , 2867
1071 , 2884
2197 , 2876
4877 , 2896
2492 , 2883
4409 , 2885
608 , 2889
4655 , 2909
1565 , 2896
1082 , 2900
1439 , 2903
4404 , 2906
4337 , 2909
1582 , 2929
340 , 2936
1888 , 2945
1351 , 2946
1789 , 2944
1237 , 2965
4521 , 2953
214 , 2941
422 , 2943
3911 , 2947
421 , 2949
1347 , 2984
1003 , 2996
1046 , 2999
1327 , 2985
2122 , 2986
616 , 3018
2965 , 3012
1085 , 3016
4723 , 3004
589 , 3029
386 , 3034
2284 , 3024
1482 , 3027
1136 , 3035
2890 , 3073
1029 , 3042
1183 , 3058
2892 , 3062
1313 , 3064
2551 , 3069
1841 , 3071
4846 , 3091
2580 , 3078
1607 , 3089
1524 , 3082
2953 , 3108
1202 , 3103
524 , 3132
238 , 3121
1887 , 3147
566 , 3162
445 , 3156
1753 , 3172
1799 , 3177
56 , 3165
1442 , 3168
1086 , 3170
3886 , 3197
1197 , 3187
2319 , 3190
1149 , 3195
232 , 3203
813 , 3214
1993 , 3217
1153 , 3221
1814 , 3225
210 , 3221
2955 , 3237
1388 , 3242
374 , 3244
2298 , 3248
1987 , 3252
915 , 3251
1456 , 3274
602 , 3261
2728 , 3262
461 , 3269
1713 , 3269
315 , 3273
1045 , 3279
1898 , 3278
1597 , 3280
1055 , 3276
4642 , 3287
829 , 3293
1375 , 3299
2316 , 3319
1795 , 3306
2715 , 3309
1360 , 3311
1096 , 3315
2550 , 3320
1869 , 3323
1399 , 3330
1371 , 3332
437 , 3352
1378 , 3338
1393 , 3337
2380 , 3360
171 , 3347
604 , 3349
740 , 3340
2610 , 3358
166 , 3361
4820 , 3380
1315 , 3366
4759 , 3386
1946 , 3372
833 , 3377
2331 , 3379
1039 , 3381
3693 , 3384
2306 , 3387
324 , 3391
4886 , 3378
1665 , 3396
473 , 3402
139 , 3402
1893 , 3420
1243 , 3408
803 , 3411
830 , 3408
3735 , 3415
678 , 3419
509 , 3423
703 , 3421
1858 , 3428
2332 , 3432
302 , 3435
1335 , 3437
239 , 3441
1291 , 3440
1386 , 3447
2579 , 3450
92 , 3453
3472 , 3471
1816 , 3455
2980 , 3477
381 , 3463
1568 , 3468
2867 , 3469
125 , 3473
2133 , 3474
2831 , 3479
2510 , 3497
2215 , 3485
2613 , 3487
3854 , 3507
950 , 3494
132 , 3495
2318 , 3500
39 , 3501
801 , 3505
1334 , 3525
212 , 3512
2450 , 3519
329 , 3523
479 , 3514
1684 , 3547
95 , 3518
363 , 3553
1834 , 3556
1102 , 3543
2734 , 3531
142 , 3534
1936 , 3537
949 , 3542
93 , 3545
979 , 3549
2764 , 3551
4101 , 3585
1110 , 3573
153 , 3575
1683 , 3563
1104 , 3581
529 , 3570
365 , 3589
1871 , 3591
609 , 3593
1138 , 3598
4159 , 3601
2496 , 3602
4288 , 3605
2859 , 3609
80 , 3611
1628 , 3616
975 , 3617
1647 , 3607
4419 , 3622
1792 , 3627
89 , 3614
2291 , 3633
1199 , 3635
2379 , 3623
2024 , 3641
2923 , 3644
840 , 3658
510 , 3651
348 , 3653
918 , 3655
448 , 3660
2854 , 3662
2188 , 3665
2792 , 3671
370 , 3671
981 , 3675
1663 , 3677
1098 , 3684
4487 , 3685
1095 , 3687
1986 , 3690
919 , 3696
4315 , 3700
2111 , 3704
1140 , 3705
2949 , 3706
2383 , 3709
618 , 3717
149 , 3720
519 , 3722
1179 , 3726
206 , 3729
2821 , 3717
704 , 3720
2803 , 3737
1992 , 3757
465 , 3742
928 , 3760
3704 , 3735
330 , 3751
321 , 3754
2221 , 3758
4881 , 3760
207 , 3763
151 , 3765
2018 , 3768
2286 , 3788
1783 , 3776
1403 , 3779
2981 , 3783
1479 , 3786
2150 , 3788
168 , 3790
2698 , 3794
2371 , 3797
3933 , 3798
345 , 3804
349 , 3807
3567 , 3812
607 , 3815
2104 , 3816
2922 , 3820
2514 , 3823
3347 , 3827
1134 , 3827
1311 , 3830
1348 , 3835
131 , 3837
130 , 3839
2925 , 3844
1440 , 3845
118 , 3850
1643 , 3867
2398 , 3874
2317 , 3877
1750 , 3878
2044 , 3885
1865 , 3871
3451 , 3874
2721 , 3876
2279 , 3893
436 , 3901
3918 , 3887
1543 , 3890
236 , 3910
234 , 3913
2834 , 3899
946 , 3902
2479 , 3905
4362 , 3908
2521 , 3911
2637 , 3915
404 , 3917
32 , 3920
86 , 3923
1182 , 3926
4996 , 3929
2614 , 3931
1244 , 3936
1236 , 3939
2131 , 3944
482 , 3946
1326 , 3950
2814 , 3953
530 , 3956
1369 , 3960
2437 , 3951
88 , 3973
1002 , 3961
256 , 3967
1678 , 3987
245 , 3991
954 , 3998
1015 , 4016
1132 , 4020
1544 , 4023
327 , 4025
1332 , 4027
4643 , 4031
4414 , 4035
2691 , 4039
1575 , 4059
752 , 4045
1694 , 4052
1067 , 4053
2147 , 4057
2232 , 4059
222 , 4065
549 , 4084
1020 , 4069
492 , 4075
1509 , 4076
1362 , 4080
2636 , 4086
4416 , 4087
1655 , 4091
2480 , 4093
944 , 4097
2706 , 4106
2431 , 4109
26 , 4131
772 , 4120
929 , 4139
681 , 4124
1083 , 4126
2155 , 4129
741 , 4134
303 , 4160
1352 , 4163
2621 , 4147
838 , 4150
3763 , 4157
4421 , 4158
2235 , 4180
4647 , 4183
2733 , 4186
432 , 4189
999 , 4192
1945 , 4178
1340 , 4180
276 , 4183
362 , 4187
1174 , 4189
1800 , 4196
90 , 4199
2490 , 4203
2394 , 4222
1836 , 4208
1595 , 4196
2324 , 4212
1457 , 4235
3741 , 4238
1131 , 4244
1068 , 4228
1617 , 4230
586 , 4234
1464 , 4239
2585 , 4239
2891 , 4245
2322 , 4245
2252 , 4249
2384 , 4274
1066 , 4258
1209 , 4260
1740 , 4272
419 , 4264
4654 , 4277
2534 , 4271
1908 , 4273
1735 , 4275
1446 , 4279
1779 , 4300
43 , 4295
310 , 4287
1637 , 4290
458 , 4293
1721 , 4295
2326 , 4297
1069 , 4314
3014 , 4305
536 , 4307
1671 , 4310
1729 , 4314
2247 , 4316
4852 , 4318
1435 , 4334
2985 , 4324
2836 , 4327
2038 , 4330
935 , 4333
104 , 4336
1126 , 4350
325 , 4362
756 , 4346
1468 , 4365
809 , 4368
1504 , 4356
1193 , 4359
3001 , 4362
1612 , 4375
3006 , 4370
1891 , 4372
1404 , 4376
1465 , 4379
499 , 4382
577 , 4398
2744 , 4388
2443 , 4391
1372 , 4395
2672 , 4398
2449 , 4402
1787 , 4404
2558 , 4406
1200 , 4409
372 , 4426
2628 , 4415
2835 , 4416
1616 , 4439
2251 , 4413
2826 , 4429
1693 , 4446
1821 , 4452
774 , 4437
2995 , 4442
4083 , 4460
798 , 4446
1176 , 4466
141 , 4469
2667 , 4472
582 , 4472
1103 , 4478
960 , 4465
2604 , 4484
2141 , 4456
591 , 4472
2960 , 4491
1344 , 4476
1474 , 4498
2574 , 4485
1670 , 4488
260 , 4508
2840 , 4493
3859 , 4513
1651 , 4514
2906 , 4519
2971 , 4508
924 , 4512
1912 , 4531
2611 , 4517
51 , 4534
2778 , 4537
2844 , 4541
3298 , 4543
1489 , 4544
2780 , 4550
723 , 4555
1318 , 4558
1631 , 4559
983 , 4562
1302 , 4564
2561 , 4565
205 , 4571
2783 , 4573
1205 , 4577
261 , 4579
163 , 4583
2378 , 4585
64 , 4586
2309 , 4589
1907 , 4592
4858 , 4597
2082 , 4598
1272 , 4606
368 , 4608
2483 , 4613
745 , 4613
133 , 4616
1213 , 4620
2265 , 4623
1239 , 4626
1418 , 4631
4712 , 4636
34 , 4637
109 , 4643
2656 , 4645
2694 , 4646
1910 , 4650
4765 , 4657
1219 , 4658
1078 , 4661
47 , 4662
1429 , 4668
33 , 4670
2609 , 4671
2154 , 4678
2525 , 4680
4418 , 4683
3857 , 4687
2174 , 4687
1261 , 4693
1363 , 4695
1980 , 4699
1238 , 4701
2447 , 4703
730 , 4707
2546 , 4708
2948 , 4713
965 , 4715
2068 , 4715
1355 , 4720
367 , 4723
692 , 4727
314 , 4727
251 , 4733
1658 , 4737
1701 , 4740
563 , 4743
716 , 4746
2395 , 4749
2877 , 4752
1060 , 4754
1664 , 4758
1438 , 4758
2899 , 4760
1965 , 4767
1702 , 4769
1010 , 4773
3025 , 4773
1774 , 4778
1594 , 4781
1128 , 4784
707 , 4786
2009 , 4790
3921 , 4793
2642 , 4796
1700 , 4795
2173 , 4798
1937 , 4804
2898 , 4804
4029 , 4813
4297 , 4816
1427 , 4815
2528 , 4821
1264 , 4824
2664 , 4826
2170 , 4828
278 , 4832
1038 , 4834
788 , 4834
2781 , 4840
1749 , 4843
2616 , 4843
4834 , 4849
705 , 4848
4871 , 4853
2861 , 4856
1267 , 4857
2280 , 4859
821 , 4866
1606 , 4867
2175 , 4870
1161 , 4870
2787 , 4877
1676 , 4879
2491 , 4879
973 , 4886
2054 , 4888
759 , 4888
4623 , 4894
201 , 4894
2876 , 4897
262 , 4899
1722 , 4903
1830 , 4905
268 , 4899
1229 , 4914
839 , 4916
684 , 4920
1703 , 4922
2031 , 4924
484 , 4927
2143 , 4932
1725 , 4935
200 , 4931
1751 , 4940
2073 , 4931
434 , 4945
2999 , 4945
710 , 4948
2976 , 4952
1642 , 4954
767 , 4960
1964 , 4960
700 , 4966
1107 , 4967
584 , 4974
1195 , 4964
2249 , 4966
1470 , 4974
1249 , 4976
2436 , 4987
1730 , 4990
1661 , 4992
311 , 4990
590 , 4985
1968 , 4988
1901 , 5001
3020 , 4995
2263 , 4997
976 , 5013
2635 , 5016
3719 , 5019
1798 , 5009
685 , 5014
2897 , 5027
1422 , 5032
1154 , 5023
1458 , 5037
2130 , 5039
1827 , 5045
2220 , 5036
686 , 5036
1691 , 5038
1370 , 5051
1868 , 5045
733 , 5060
1752 , 5051
1448 , 5054
1571 , 5069
1486 , 5060
1286 , 5062
2603 , 5067
2845 , 5072
2072 , 5075
2455 , 5079
1184 , 5082
814 , 5085
196 , 5101
2434 , 5103
1640 , 5096
2497 , 5103
4981 , 5117
2194 , 5118
728 , 5128
1536 , 5131
16 , 5134
2776 , 5129
2007 , 5142
1414 , 5137
709 , 5140
2276 , 5143
2852 , 5145
827 , 5148
1425 , 5151
1788 , 5153
698 , 5156
1605 , 5153
1505 , 5159
1354 , 5165
4922 , 5168
3786 , 5171
1926 , 5174
3024 , 5178
1223 , 5170
2081 , 5183
2666 , 5180
2439 , 5169
41 , 5185
2907 , 5198
4842 , 5200
3012 , 5181
1484 , 5196
2895 , 5207
328 , 5206
1493 , 5211
1562 , 5208
572 , 5217
1969 , 5220
4007 , 5223
331 , 5208
2807 , 5229
923 , 5214
4434 , 5236
1806 , 5238
1927 , 5223
1461 , 5244
1510 , 5247
543 , 5250
701 , 5253
585 , 5249
3063 , 5259
972 , 5262
2333 , 5247
52 , 5267
3807 , 5252
2441 , 5273
1292 , 5276
358 , 5260
1330 , 5282
1452 , 5284
220 , 5288
1566 , 5290
3309 , 5293
1428 , 5297
2517 , 5299
1662 , 5302
546 , 5306
1472 , 5308
3000 , 5311
1390 , 5314
1064 , 5317
3062 , 5320
279 , 5320
2905 , 5326
986 , 5327
1680 , 5328
1143 , 5326
508 , 5336
4749 , 5338
1609 , 5335
2321 , 5325
2192 , 5343
2273 , 5349
2729 , 5334
751 , 5354
1160 , 5352
2013 , 5359
1634 , 5356
1666 , 5364
2978 , 5370
1815 , 5355
2060 , 5378
1411 , 5377
3100 , 5366
2742 , 5388
334 , 5390
587 , 5392
2058 , 5392
469 , 5394
1122 , 5401
1476 , 5401
1695 , 5404
4750 , 5401
2464 , 5413
273 , 5412
1503 , 5419
2598 , 5421
81 , 5421
1106 , 5428
1690 , 5428
2786 , 5430
1843 , 5418
1819 , 5440
1794 , 5424
1252 , 5427
1416 , 5445
2584 , 5450
2053 , 5435
2607 , 5457
1453 , 5460
1121 , 5460
1917 , 5447
1423 , 5469
1911 , 5472
2782 , 5475
135 , 5474
843 , 5462
333 , 5484
1011 , 5486
1454 , 5470
1487 , 5473
2632 , 5495
175 , 5494
1113 , 5501
2860 , 5503
332 , 5503
1652 , 5506
305 , 5512
1492 , 5496
1300 , 5519
254 , 5518
2059 , 5525
284 , 5527
2530 , 5530
2428 , 5515
1398 , 5537
1862 , 5520
729 , 5538
1240 , 5545
2657 , 5544
1157 , 5532
117 , 5550
289 , 5557
1009 , 5559
2809 , 5544
2397 , 5566
1004 , 5568
2209 , 5553
1381 , 5574
1498 , 5573
3230 , 5562
2665 , 5579
1383 , 5585
2185 , 5569
787 , 5590
1177 , 5593
735 , 5589
27 , 5593
1894 , 5594
3282 , 5597
59 , 5600
1739 , 5604
1265 , 5607
1875 , 5611
1040 , 5615
2070 , 5617
61 , 5622
221 , 5623
3345 , 5614
2909 , 5629
2027 , 5632
304 , 5635
1392 , 5640
1017 , 5641
3091 , 5644
3184 , 5635
2460 , 5649
793 , 5655
1099 , 5644
1093 , 5659
1558 , 5652
1733 , 5668
2313 , 5672
503 , 5675
4866 , 5680
1198 , 5681
544 , 5686
1587 , 5688
876 , 5680
525 , 5682
2118 , 5698
990 , 5702
2218 , 5705
1021 , 5707
2139 , 5699
1856 , 5702
1760 , 5717
3090 , 5721
252 , 5725
673 , 5729
1762 , 5732
2169 , 5736
4725 , 5740
4728 , 5742
1211 , 5745
4999 , 5737
1629 , 5741
744 , 5757
1445 , 5759
4634 , 5762
2935 , 5765
1298 , 5770
2183 , 5773
1699 , 5778
4066 , 5781
2041 , 5773
2937 , 5787
3440 , 5788
202 , 5791
204 , 5796
1263 , 5787
1764 , 5801
831 , 5806
3252 , 5796
895 , 5811
3335 , 5815
2239 , 5817
1395 , 5821
2105 , 5825
2392 , 5827
2908 , 5830
265 , 5836
2717 , 5839
693 , 5846
1345 , 5846
1075 , 5837
664 , 5851
902 , 5856
1708 , 5857
2353 , 5860
2135 , 5853
2164 , 5857
2749 , 5861
1599 , 5865
779 , 5867
3394 , 5869
1591 , 5873
2315 , 5876
1299 , 5896
3146 , 5882
2963 , 5882
2916 , 5889
1283 , 5891
3227 , 5896
2695 , 5899
385 , 5901
1306 , 5905
2737 , 5904
4766 , 5909
1527 , 5912
2405 , 5912
2862 , 5915
2987 , 5922
2755 , 5923
1528 , 5924
3371 , 5929
1706 , 5931
2240 , 5934
4025 , 5936
3598 , 5942
3143 , 5944
1674 , 5946
1668 , 5949
2950 , 5951
3101 , 5956
1413 , 5958
1759 , 5962
3242 , 5965
1620 , 5967
2655 , 5969
3616 , 5973
491 , 5976
992 , 5979
1728 , 5982
2236 , 5988
2390 , 5990
1998 , 5994
941 , 5995
2701 , 6011
2481 , 6011
574 , 6029
3395 , 6012
1057 , 6011
2624 , 6014
2465 , 6017
936 , 6021
3187 , 6024
1677 , 6028
991 , 6030
2819 , 6030
1624 , 6035
980 , 6038
2959 , 6042
1675 , 6044
2327 , 6048
1942 , 6053
507 , 6053
3634 , 6055
3315 , 6059
3645 , 6063
3828 , 6066
4472 , 6068
1266 , 6073
1379 , 6073
1979 , 6079
1953 , 6080
2381 , 6083
1155 , 6085
1180 , 6089
3140 , 6096
3161 , 6098
868 , 6101
2045 , 6103
1872 , 6104
3041 , 6107
2473 , 6111
2211 , 6114
45 , 6116
4751 , 6119
2638 , 6124
1596 , 6128
3349 , 6131
3051 , 6134
642 , 6137
2894 , 6140
2259 , 6144
2645 , 6146
2883 , 6151
2144 , 6153
2458 , 6156
1547 , 6159
2097 , 6164
2722 , 6167
2435 , 6169
611 , 6173
2267 , 6177
1988 , 6179
1793 , 6182
2112 , 6187
1111 , 6192
13 , 6194
4893 , 6196
628 , 6199
1826 , 6205
1971 , 6205
2224 , 6207
3287 , 6210
60 , 6213
1208 , 6216
3537 , 6218
4030 , 6220
2631 , 6225
4620 , 6226
2016 , 6229
1260 , 6231
2726 , 6235
702 , 6238
4891 , 6241
2052 , 6242
1033 , 6247
1948 , 6249
2206 , 6253
4124 , 6253
4779 , 6259
3332 , 6260
1496 , 6266
1119 , 6266
4618 , 6261
4743 , 6262
3766 , 6266
4161 , 6269
3849 , 6271
3320 , 6276
1772 , 6278
3597 , 6279
4391 , 6284
3787 , 6287
3843 , 6290
4444 , 6293
4263 , 6297
4997 , 6298
3972 , 6303
3959 , 6303
4103 , 6306
4099 , 6308
4648 , 6312
4055 , 6326
3042 , 6329
4451 , 6333
3197 , 6334
4368 , 6337
4179 , 6340
3977 , 6344
4944 , 6346
4457 , 6349
4453 , 6353
4109 , 6355
3205 , 6358
3674 , 6363
4395 , 6364
4379 , 6367
4861 , 6370
4946 , 6371
4114 , 6374
3727 , 6378
3560 , 6383
4471 , 6383
4265 , 6388
2500 , 6393
4661 , 6394
4473 , 6396
4817 , 6398
4827 , 6400
3397 , 6402
3953 , 6406
4287 , 6408
4380 , 6412
3839 , 6416
4082 , 6418
4210 , 6420
3538 , 6424
4943 , 6425
4259 , 6428
3509 , 6430
4450 , 6434
4953 , 6437
3312 , 6443
3402 , 6445
4519 , 6448
3449 , 6452
4442 , 6454
3945 , 6459
4799 , 6460
4963 , 6462
3474 , 6465
3936 , 6470
4341 , 6470
3427 , 6475
4510 , 6478
3271 , 6479
4989 , 6481
3340 , 6483
4483 , 6486
4327 , 6490
4440 , 6492
4753 , 6494
4447 , 6498
3251 , 6500
4291 , 6502
4091 , 6506
4424 , 6510
3827 , 6510
4986 , 6515
4116 , 6516
4280 , 6518
4141 , 6523
4208 , 6525
4784 , 6526
4653 , 6530
4176 , 6531
4625 , 6535
4783 , 6541
4744 , 6544
3810 , 6547
3129 , 6549
4853 , 6551
4535 , 6556
3771 , 6558
3628 , 6560
4774 , 6561
4762 , 6565
4847 , 6567
3584 , 6572
4200 , 6574
4062 , 6578
4785 , 6578
4995 , 6584
4676 , 6587
4199 , 6590
4292 , 6592
4929 , 6599
4951 , 6594
4536 , 6599
4656 , 6601
4717 , 6604
3476 , 6610
4849 , 6610
4088 , 6613
4198 , 6616
4433 , 6619
4916 , 6619
3924 , 6625
4962 , 6625
3812 , 6631
4673 , 6633
4517 , 6635
4758 , 6639
3917 , 6641
4150 , 6647
4216 , 6652
4522 , 6652
4232 , 6655
4923 , 6659
4913 , 6659
1077 , 6662
4757 , 6664
4115 , 6670
4945 , 6673
4586 , 6675
4410 , 6676
4961 , 6681
4933 , 6685
1919 , 6685
4111 , 6688
4278 , 6693
4456 , 6695
3396 , 6701
2545 , 6713
4284 , 6705
4478 , 6711
3492 , 6714
4889 , 6717
4843 , 6720
706 , 6721
4903 , 6725
3805 , 6730
3478 , 6732
4438 , 6733
3452 , 6738
4850 , 6740
4780 , 6743
4235 , 6744
4461 , 6750
4818 , 6751
820 , 6751
3820 , 6757
4252 , 6760
4469 , 6763
4954 , 6766
3475 , 6768
4984 , 6771
3775 , 6774
4934 , 6777
3743 , 6779
4540 , 6782
4831 , 6785
4885 , 6787
4788 , 6790
3707 , 6793
3780 , 6796
4792 , 6799
3990 , 6801
4670 , 6804
3916 , 6808
4243 , 6810
4790 , 6813
4752 , 6816
4936 , 6819
4592 , 6821
4237 , 6825
1897 , 6824
4248 , 6831
4174 , 6834
1548 , 6834
4845 , 6838
2426 , 6839
3882 , 6842
4018 , 6845
4987 , 6849
3789 , 6853
4601 , 6856
4574 , 6859
2606 , 6859
4346 , 6865
4815 , 6866
4595 , 6870
4894 , 6870
1600 , 6873
378 , 6875
4033 , 6878
3838 , 6884
3747 , 6888
3896 , 6893
4695 , 6894
2827 , 6898
2723 , 6903
4638 , 6910
4603 , 6911
4777 , 6930
4485 , 6923
3962 , 6925
1159 , 6928
75 , 6932
1899 , 6938
1867 , 6941
2055 , 6943
533 , 6948
569 , 6951
1178 , 6952
3105 , 6954
3321 , 6958
3891 , 6964
2600 , 6965
4692 , 6968
2850 , 6969
3748 , 6976
4704 , 6976
3941 , 6978
4914 , 6981
4331 , 6986
1576 , 6985
442 , 6991
1842 , 6991
3026 , 6993
1949 , 6999
235 , 7002
4703 , 7001
3116 , 7004
3267 , 7007
4605 , 7013
3963 , 7019
4811 , 7022
2884 , 7025
4056 , 7026
2639 , 7031
417 , 7033
4700 , 7035
1922 , 7038
2984 , 7042
3265 , 7044
4036 , 7047
2686 , 7049
203 , 7051
1430 , 7054
4663 , 7053
4048 , 7057
3961 , 7058
4075 , 7061
4930 , 7062
4775 , 7066
4196 , 7066
3457 , 7069
3575 , 7071
493 , 7077
4577 , 7078
3291 , 7079
645 , 7083
4956 , 7085
4397 , 7085
4136 , 7087
4837 , 7090
4370 , 7093
4864 , 7095
4413 , 7097
4420 , 7099
3716 , 7101
4476 , 7105
4106 , 7106
4555 , 7110
4295 , 7111
4803 , 7114
4423 , 7117
4118 , 7118
4390 , 7122
4836 , 7124
4677 , 7126
4551 , 7131
4674 , 7133
4550 , 7137
4415 , 7138
4887 , 7140
4905 , 7143
4848 , 7147
4952 , 7152
3928 , 7156
4004 , 7157
3539 , 7160
4255 , 7162
4897 , 7165
3835 , 7169
4659 , 7171
4724 , 7174
4977 , 7176
4148 , 7179
4868 , 7181
3788 , 7185
3407 , 7188
4826 , 7190
4539 , 7193
4127 , 7198
3851 , 7199
4316 , 7201
4480 , 7204
4735 , 7206
3799 , 7208
4829 , 7212
4650 , 7214
4807 , 7218
4149 , 7220
4664 , 7224
4797 , 7228
4719 , 7231
4778 , 7234
4506 , 7237
4373 , 7241
3881 , 7243
4688 , 7246
4533 , 7247
4019 , 7250
3738 , 7253
1924 , 7255
4336 , 7257
4737 , 7260
4967 , 7264
4228 , 7267
4365 , 7270
4164 , 7271
4530 , 7273
4901 , 7277
4070 , 7279
4371 , 7286
4467 , 7287
4972 , 7291
3782 , 7296
3994 , 7299
4898 , 7301
3808 , 7304
4742 , 7308
4133 , 7312
4731 , 7314
4950 , 7319
4490 , 7320
2196 , 7429
808 , 7431
762 , 7436
3496 , 7439
2123 , 7442
1521 , 7446
2365 , 7451
296 , 7454
2572 , 7457
1770 , 7460
299 , 7463
1710 , 7465
353 , 7469
244 , 7473
460 , 7476
1648 , 7479
453 , 7482
4883 , 7486
2913 , 7490
550 , 7496
2410 , 7498
1623 , 7502
1832 , 7504
961 , 7508
4594 , 7495
1374 , 7502
4085 , 7508
1188 , 7509
1317 , 7529
2180 , 7515
1087 , 7520
1139 , 7522
4768 , 7526
2186 , 7528
900 , 7529
1073 , 7535
3280 , 7540
775 , 7544
922 , 7548
934 , 7552
1353 , 7555
29 , 7558
2109 , 7562
3409 , 7565
4564 , 7567
1242 , 7571
518 , 7574
1150 , 7594
1748 , 7578
1331 , 7582
2921 , 7585
1343 , 7588
4830 , 7592
2962 , 7595
1333 , 7598
1127 , 7603
2855 , 7605
1308 , 7610
292 , 7613
2088 , 7616
2430 , 7618
2086 , 7621
1771 , 7625
1709 , 7628
661 , 7631
2145 , 7635
542 , 7636
2912 , 7641
283 , 7643
1981 , 7646
862 , 7652
696 , 7657
1552 , 7662
1805 , 7663
2914 , 7667
910 , 7670
2768 , 7672
2688 , 7676
1767 , 7680
1921 , 7687
3339 , 7683
1775 , 7688
3783 , 7690
2924 , 7693
3444 , 7695
969 , 7699
96 , 7707
3454 , 7709
781 , 7712
172 , 7720
2063 , 7717
754 , 7722
388 , 7726
782 , 7726
2619 , 7733
708 , 7732
4501 , 7734
4435 , 7742
46 , 7744
3600 , 7748
1813 , 7747
1303 , 7751
1984 , 7755
1271 , 7756
4772 , 7757
907 , 7765
2791 , 7769
982 , 7778
360 , 7781
1341 , 7784
55 , 7788
1358 , 7791
1758 , 7794
2865 , 7802
926 , 7805
1549 , 7806
227 , 7812
301 , 7814
1962 , 7817
2801 , 7821
521 , 7824
2648 , 7827
1870 , 7830
2673 , 7833
1938 , 7836
951 , 7839
1042 , 7842
2662 , 7845
211 , 7848
2652 , 7851
932 , 7854
258 , 7857
2945 , 7860
2008 , 7862
1619 , 7865
596 , 7868
1757 , 7872
749 , 7874
2117 , 7877
2882 , 7881
1824 , 7883
2346 , 7883
322 , 7887
1854 , 7888
885 , 7894
2789 , 7897
318 , 7897
307 , 7906
776 , 7911
881 , 7914
804 , 7914
2079 , 7920
313 , 7921
384 , 7923
1848 , 7929
2769 , 7929
2433 , 7932
1780 , 7933
1737 , 7939
1339 , 7944
229 , 7948
3334 , 7951
266 , 7955
690 , 7960
869 , 7961
1459 , 7965
356 , 7970
882 , 7973
568 , 7976
877 , 7980
440 , 7983
3912 , 7984
2462 , 7990
3171 , 7989
1027 , 7995
1016 , 7998
712 , 8001
3582 , 8004
4645 , 8008
66 , 8007
904 , 8021
2110 , 8017
1059 , 8021
2793 , 8037
1731 , 8042
2035 , 8045
126 , 8063
1553 , 8067
1357 , 8055
2841 , 8069
213 , 8072
1970 , 8079
4146 , 8080
4840 , 8087
4992 , 8100
891 , 8105
1925 , 8109
2756 , 8111
1692 , 8116
1909 , 8121
688 , 8124
4621 , 8125
2685 , 8131
270 , 8137
48 , 8133
532 , 8124
1705 , 8150
4776 , 8149
2979 , 8161
127 , 8164
1602 , 8165
4822 , 8170
1215 , 8177
2187 , 8177
631 , 8181
732 , 8183
1389 , 8186
2217 , 8192
1056 , 8197
2137 , 8199
2757 , 8201
1222 , 8204
836 , 8211
912 , 8214
731 , 8220
1145 , 8223
622 , 8224
1297 , 8226
2429 , 8233
1296 , 8232
913 , 8234
2896 , 8241
1338 , 8240
970 , 8247
768 , 8246
1350 , 8252
1444 , 8256
4212 , 8254
2182 , 8261
4773 , 8248
1391 , 8251
1169 , 8254
2269 , 8270
155 , 8269
835 , 8262
1704 , 8278
1233 , 8282
1218 , 8284
281 , 8288
1241 , 8291
2774 , 8295
272 , 8297
217 , 8300
1974 , 8303
1325 , 8306
233 , 8309
1644 , 8313
1426 , 8313
199 , 8319
3680 , 8319
2231 , 8322
1840 , 8327
1065 , 8327
1253 , 8331
2257 , 8334
4851 , 8337
4823 , 8344
4809 , 8342
2468 , 8345
963 , 8350
4767 , 8353
1975 , 8356
447 , 8358
2526 , 8358
4356 , 8363
2625 , 8366
2113 , 8355
2302 , 8358
2958 , 8362
160 , 8364
1431 , 8370
338 , 8373
20 , 8374
2098 , 8380
455 , 8381
1950 , 8385
4713 , 8387
2566 , 8401
3947 , 8397
4705 , 8396
65 , 8399
1322 , 8414
1401 , 8416
588 , 8421
1192 , 8419
3895 , 8412
909 , 8418
4900 , 8418
3979 , 8421
3561 , 8424
4017 , 8427
2578 , 8431
1743 , 8434
4513 , 8436
2335 , 8439
1698 , 8442
1892 , 8446
1929 , 8448
2415 , 8450
2250 , 8459
1621 , 8460
2129 , 8461
4053 , 8461
3769 , 8464
3677 , 8469
1723 , 8471
2547 , 8474
1959 , 8476
1896 , 8485
122 , 8482
4417 , 8484
1359 , 8487
4437 , 8487
4973 , 8492
3442 , 8492
4904 , 8495
4013 , 8498
1777 , 8502
4860 , 8505
4375 , 8511
1396 , 8516
3765 , 8514
3620 , 8517
4606 , 8520
4074 , 8522
3643 , 8526
4428 , 8529
1785 , 8532
1784 , 8536
3837 , 8539
4556 , 8543
3740 , 8547
4626 , 8551
4204 , 8552
3985 , 8557
4554 , 8562
3814 , 8567
3760 , 8570
4050 , 8578
4607 , 8580
3762 , 8584
4824 , 8587
4035 , 8590
4907 , 8592
1963 , 8597
3681 , 8600
3904 , 8603
4542 , 8606
3577 , 8609
3428 , 8611
4990 , 8614
3852 , 8614
1778 , 8617
4609 , 8620
4552 , 8623
4859 , 8626
3992 , 8629
3530 , 8632
4854 , 8635
4878 , 8638
4145 , 8641
3768 , 8646
4832 , 8651
3043 , 8653
3522 , 8656
3745 , 8660
3467 , 8663
3915 , 8666
4994 , 8669
3903 , 8672
4233 , 8676
3981 , 8678
3678 , 8681
4906 , 8684
4274 , 8689
4227 , 8693
3794 , 8692
4515 , 8696
4926 , 8699
3793 , 8701
3900 , 8704
4975 , 8709
1627 , 8711
2506 , 8715
3973 , 8717
4324 , 8720
4614 , 8724
2839 , 8735
3264 , 8740
4046 , 8747
1650 , 8747
3889 , 8753
3258 , 8754
4448 , 8756
4899 , 8760
3003 , 8778
2674 , 8782
2902 , 8784
2223 , 8788
218 , 8791
2446 , 8796
176 , 8795
1117 , 8806
1615 , 8815
1846 , 8814
2920 , 8823
2452 , 8825
4010 , 8829
3076 , 8831
1129 , 8835
815 , 8838
1455 , 8841
1831 , 8846
3170 , 8848
2597 , 8852
2968 , 8855
531 , 8859
1745 , 8853
689 , 8876
2499 , 8866
53 , 8870
148 , 8886
1124 , 8877
3067 , 8880
1475 , 8884
717 , 8887
1471 , 8890
1061 , 8886
4631 , 8883
4516 , 8895
2507 , 8917
312 , 8937
920 , 8923
3089 , 8928
1833 , 8931
1500 , 8939
1012 , 8954
2704 , 8944
2385 , 8946
4879 , 8957
917 , 8956
2994 , 8963
842 , 8960
4511 , 8945
4225 , 8947
4503 , 8952
4502 , 8955
4372 , 8957
4525 , 8961
3920 , 8964
3083 , 8985
1844 , 8988
3803 , 8972
1245 , 9001
1361 , 9020
3619 , 8987
3754 , 8990
2719 , 9013
4108 , 8996
4080 , 8999
4429 , 9001
4727 , 9004
3952 , 9013
2590 , 9038
3424 , 9025
2596 , 9052
361 , 9074
1604 , 9062
2795 , 9066
1072 , 9072
1564 , 9075
4195 , 9058
2243 , 9085
2303 , 9089
1656 , 9071
1258 , 9113
2138 , 9102
2163 , 9121
2205 , 9120
1689 , 9120
10 , 9126
3802 , 9094
4458 , 9100
4669 , 9104
2043 , 9144
4599 , 9111
4746 , 9114
605 , 9154
4441 , 9122
3867 , 9125
2048 , 9159
4058 , 9133
4800 , 9136
2954 , 9172
4031 , 9147
4733 , 9150
3455 , 9154
4399 , 9157
4247 , 9160
4191 , 9160
4431 , 9164
3463 , 9167
3951 , 9170
4113 , 9173
4857 , 9176
837 , 9214
4003 , 9183
2290 , 9220
4730 , 9187
4455 , 9191
4430 , 9195
4347 , 9197
4793 , 9200
3617 , 9202
4388 , 9205
4328 , 9208
3601 , 9211
4880 , 9215
4367 , 9217
4667 , 9227
4384 , 9230
2537 , 9233
4093 , 9235
3585 , 9239
4720 , 9242
3470 , 9245
4377 , 9246
3746 , 9251
1790 , 9253
3943 , 9256
3545 , 9258
3813 , 9259
3703 , 9270
3431 , 9256
4213 , 9259
4464 , 9271
4044 , 9265
4918 , 9268
3142 , 9288
2622 , 9273
2421 , 9300
2467 , 9300
3700 , 9300
2308 , 9302
2099 , 9306
2181 , 9309
811 , 9311
393 , 9313
2748 , 9316
2292 , 9320
2629 , 9325
3134 , 9325
2788 , 9328
2608 , 9331
2418 , 9334
4828 , 9320
3483 , 9340
806 , 9343
4054 , 9341
1534 , 9352
4796 , 9349
4092 , 9343
2412 , 9363
2804 , 9367
3932 , 9364
3588 , 9373
4256 , 9371
2177 , 9380
3294 , 9382
3131 , 9385
3579 , 9388
1747 , 9391
3596 , 9395
2377 , 9398
2454 , 9401
4032 , 9405
636 , 9409
3132 , 9412
3 , 9416
474 , 9421
1791 , 9422
3556 , 9426
2928 , 9432
2271 , 9435
2929 , 9435
3262 , 9441
2399 , 9447
2153 , 9450
962 , 9454
4027 , 9459
2516 , 9461
4012 , 9455
4729 , 9456
488 , 9465
800 , 9470
3559 , 9470
1857 , 9476
3341 , 9478
2983 , 9479
2961 , 9484
2926 , 9485
2411 , 9490
996 , 9492
3078 , 9496
1732 , 9498
2910 , 9501
1746 , 9505
3035 , 9508
3031 , 9508
3587 , 9510
2952 , 9515
3361 , 9519
1866 , 9522
601 , 9528
1532 , 9527
2670 , 9532
2727 , 9535
2730 , 9534
2993 , 9540
2393 , 9544
1412 , 9543
2341 , 9550
2863 , 9553
3439 , 9556
2998 , 9560
3085 , 9559
3002 , 9563
2851 , 9566
1581 , 9570
2661 , 9575
1508 , 9576
3084 , 9578
1853 , 9581
1825 , 9585
1162 , 9589
2047 , 9611
2825 , 9597
2293 , 9598
2548 , 9604
3605 , 9596
3147 , 9606
1915 , 9612
679 , 9615
2848 , 9615
4107 , 9613
2747 , 9622
2858 , 9626
2370 , 9629
2758 , 9631
1611 , 9636
3755 , 9639
3082 , 9642
2678 , 9647
3182 , 9649
4925 , 9652
1148 , 9656
1873 , 9659
2601 , 9663
2870 , 9669
280 , 9673
1902 , 9675
44 , 9677
2040 , 9683
1810 , 9683
1276 , 9688
3914 , 9683
2752 , 9694
1559 , 9697
1610 , 9701
1189 , 9703
1951 , 9706
1931 , 9709
2888 , 9712
1812 , 9715
3504 , 9702
4203 , 9705
3346 , 9707
4745 , 9713
4630 , 9714
2784 , 9730
3163 , 9735
654 , 9736
4275 , 9725
3200 , 9728
1592 , 9746
3286 , 9732
2311 , 9750
2811 , 9772
4446 , 9742
4500 , 9744
124 , 9762
4938 , 9750
719 , 9769
1278 , 9756
4197 , 9759
4408 , 9763
4425 , 9765
241 , 9782
3546 , 9771
209 , 9807
2904 , 9812
959 , 9794
2683 , 9799
1586 , 9801
2325 , 9802
1977 , 9808
2605 , 9811
1172 , 9811
777 , 9817
2703 , 9817
2374 , 9820
3544 , 9808
2617 , 9827
2714 , 9838
1761 , 9858
49 , 9861
2229 , 9847
2939 , 9848
4927 , 9853
2000 , 9857
3165 , 9858
4543 , 9847
3689 , 9863
1724 , 9886
4855 , 9855
2595 , 9873
1409 , 9895
1744 , 9877
2612 , 9887
2230 , 9889
579 , 9910
4939 , 9879
2256 , 9913
4432 , 9897
939 , 9918
2676 , 9901
1152 , 9906
2754 , 9927
2588 , 9930
4928 , 9933
2641 , 9935
2718 , 9921
2222 , 9924
2019 , 9927
766 , 9929
1473 , 9934
3624 , 9940
1808 , 9941
2943 , 9943
1742 , 9946
2982 , 9950
1170 , 9952
1649 , 9973
1254 , 9957
2386 , 9979
2620 , 9962
3686 , 9970
1405 , 9987
369 , 9990
1488 , 9975
2713 , 9995
4635 , 9999
2599 , 10001
2773 , 9985
24 , 9990
1076 , 10011
2675 , 9995
2372 , 10015
165 , 10018
500 , 10022
1657 , 10024
807 , 10007
2310 , 10013
1257 , 10033
1051 , 10018
1268 , 10021
2050 , 10041
2581 , 10047
534 , 10047
2408 , 10050
1449 , 10036
250 , 10055
955 , 10058
2777 , 10061
3978 , 10064
2417 , 10049
974 , 10052
1116 , 10072
1434 , 10059
1133 , 10084
4649 , 10084
323 , 10084
1573 , 10087
1726 , 10090
1443 , 10093
1727 , 10095
1400 , 10098
3656 , 9127
3672 , 9130
4305 , 9133
4949 , 9135
3667 , 9140
2524 , 9143
4293 , 9144
3791 , 9148
4770 , 9153
4644 , 9154
4611 , 9157
4573 , 9159
4290 , 9162
3675 , 9170
4791 , 9173
4016 , 9176
4912 , 9178
4697 , 9181
4921 , 9184
2816 , 9187
4696 , 9190
3965 , 9193
4443 , 9197
3330 , 9197
4475 , 9201
3636 , 9204
2570 , 9207
4810 , 9210
2571 , 9212
4307 , 9216
4286 , 9218
4769 , 9221
4908 , 9224
4302 , 9227
4100 , 9229
4217 , 9232
4299 , 9235
3308 , 9238
4045 , 9240
1578 , 9243
4640 , 9246
4747 , 9248
4206 , 9253
3797 , 9254
3257 , 9257
4736 , 9259
4755 , 9263
4637 , 9267
4043 , 9270
4474 , 9272
4940 , 9276
3833 , 9279
4021 , 9281
4173 , 9284
4892 , 9287
3956 , 9290
3426 , 9293
4172 , 9295
4741 , 9297
3871 , 9302
2532 , 9304
4439 , 9307
3306 , 9310
4802 , 9313
3864 , 9316
4596 , 9318
3853 , 9321
3226 , 9324
4123 , 9328
3856 , 9331
4806 , 9335
2557 , 9336
4690 , 9339
4165 , 9342
3683 , 9345
3552 , 9349
4285 , 9352
346 , 9354
2258 , 9358
4739 , 9365
4738 , 9366
4955 , 9367
4117 , 9370
4919 , 9372
2770 , 9374
3576 , 9378
3260 , 9381
4162 , 9383
4006 , 9386
4335 , 9390
2362 , 9393
4504 , 9396
3875 , 9399
3228 , 9401
3525 , 9405
2874 , 9408
4427 , 9411
4693 , 9413
4687 , 9418
4271 , 9420
3505 , 9425
4268 , 9428
3599 , 9432
667 , 9434
4126 , 9435
4060 , 9437
2837 , 9440
3717 , 9443
4795 , 9446
4205 , 9448
3456 , 9451
1533 , 9454
3111 , 9457
3697 , 9460
3398 , 9463
3974 , 9471
1715 , 9474
4915 , 9478
2540 , 9480
4001 , 9482
3739 , 9485
3811 , 9490
3429 , 9491
2555 , 9494
3245 , 9497
2028 , 9499
3550 , 9505
3642 , 9505
676 , 9508
4520 , 9512
3196 , 9515
4875 , 9519
2594 , 9521
668 , 9526
3211 , 9528
4641 , 9530
3701 , 9535
4188 , 9537
2539 , 9540
3893 , 9542
4283 , 9546
4261 , 9548
1520 , 9552
3225 , 9555
659 , 9558
1717 , 9562
2533 , 9566
4707 , 9568
3999 , 9570
4633 , 9575
3408 , 9577
3890 , 9580
4699 , 9584
1823 , 9587
648 , 9590
3885 , 9593
4333 , 9595
1216 , 9598
3404 , 9603
1319 , 9605
4639 , 9609
4040 , 9613
2587 , 9615
662 , 9618
189 , 9622
3311 , 9627
3118 , 9630
4009 , 9633
3819 , 9636
3711 , 9637
4231 , 9640
341 , 9644
184 , 9647
2544 , 9650
3638 , 9653
2582 , 9656
3641 , 9659
3892 , 9662
4598 , 9664
1632 , 9667
3632 , 9671
4355 , 9674
1256 , 9676
3036 , 9679
3181 , 9682
3527 , 9684
1175 , 9687
663 , 9690
658 , 9693
4684 , 9695
4112 , 9698
3247 , 9699
3103 , 9703
3883 , 9706
4612 , 9708
4587 , 9711
1519 , 9714
3635 , 9717
3622 , 9719
4548 , 9722
3752 , 9725
3870 , 9729
3931 , 9731
3356 , 9733
675 , 9736
1572 , 9740
4028 , 9742
2583 , 9745
3199 , 9748
1539 , 9751
3331 , 9754
3777 , 9756
3363 , 9759
4038 , 9762
3056 , 9765
3507 , 9767
3778 , 9769
2871 , 9773
3458 , 9775
3185 , 9779
2026 , 9781
2432 , 9784
188 , 9788
3261 , 9791
2268 , 9793
4662 , 9796
3010 , 9799
784 , 9801
2360 , 9805
3400 , 9807
2266 , 9808
4534 , 9811
3203 , 9814
3542 , 9817
671 , 9819
4037 , 9831
4308 , 9834
4576 , 9836
4874 , 9839
3391 , 9840
3412 , 9843
4253 , 9847
3606 , 9849
4698 , 9852
3016 , 9854
1275 , 9857
669 , 9860
183 , 9864
2354 , 9868
3064 , 9869
2442 , 9874
4352 , 9879
3518 , 9881
4985 , 9885
4734 , 9888
14 , 9890
3235 , 9893
2543 , 9896
3562 , 9901
3113 , 9904
3099 , 9905
3353 , 9908
4580 , 9911
4266 , 9915
2270 , 9917
2969 , 9919
4524 , 9925
677 , 9926
1092 , 9928
3989 , 9931
3594 , 9934
3464 , 9936
3112 , 9940
4039 , 9943
785 , 9945
4254 , 9949
3373 , 9950
989 , 9953
3358 , 9956
3944 , 9960
3618 , 9963
3685 , 9966
4351 , 9969
3447 , 9971
2833 , 9974
4047 , 9979
3644 , 9980
2488 , 9985
2064 , 9988
3058 , 9990
2817 , 9995
2738 , 9995
2233 , 9997
3603 , 10001
2671 , 10003
3238 , 10006
3848 , 10009
4771 , 10014
2017 , 10017
3623 , 10021
3387 , 10023
1203 , 10028
182 , 10031
4675 , 10035
3570 , 10039
4546 , 10040
4102 , 10043
4541 , 10046
3682 , 10051
3249 , 10053
4134 , 10057
3375 , 10059
2554 , 10063
2977 , 10065
713 , 10068
3658 , 10070
2560 , 10074
3080 , 10081
4628 , 10086
2989 , 10089
3263 , 10091
3919 , 10093
2503 , 10097
647 , 10102
2940 , 10105
3502 , 10110
3284 , 10113
4531 , 10121
3774 , 10121
4497 , 10124
1287 , 10130
4602 , 10133
2736 , 10138
3071 , 10141
2366 , 10150
3366 , 10151
4559 , 10166
2751 , 10171
4604 , 10173
4917 , 10184
2419 , 10182
4672 , 10185
1196 , 10187
3102 , 10190
4560 , 10194
3115 , 10195
1712 , 10198
1755 , 10201
2234 , 10204
3927 , 10207
4691 , 10211
1682 , 10212
4398 , 10214
4189 , 10220
4622 , 10222
3096 , 10224
3148 , 10227
4264 , 10238
2023 , 10233
2427 , 10241
3637 , 10239
3640 , 10246
3757 , 10244
4616 , 10247
2972 , 10249
4289 , 10259
3441 , 10259
3301 , 10263
3034 , 10261
3491 , 10264
3940 , 10272
2245 , 10271
2522 , 10273
1734 , 10279
3551 , 10283
2552 , 10283
3663 , 10284
2509 , 10290
3728 , 10293
1522 , 10293
3888 , 10295
4679 , 10300
3922 , 10302
3627 , 10304
3657 , 10311
3367 , 10312
2565 , 10314
3302 , 10316
3555 , 10317
4882 , 10322
4781 , 10325
3982 , 10327
3702 , 10331
3508 , 10332
3210 , 10337
1279 , 10337
3574 , 10341
2356 , 10343
4224 , 10349
3894 , 10349
1284 , 10351
3607 , 10355
1109 , 10361
2119 , 10360
3764 , 10364
3374 , 10365
4942 , 10370
3614 , 10371
3418 , 10374
2559 , 10381
3450 , 10381
3159 , 10383
2513 , 10389
4798 , 10392
4182 , 10392
863 , 10394
3733 , 10400
3991 , 10403
3399 , 10405
714 , 10407
4152 , 10409
3925 , 10414
1811 , 10418
3976 , 10419
4937 , 10429
3202 , 10429
4374 , 10432
3629 , 10432
2363 , 10433
3495 , 10436
890 , 10439
3488 , 10441
4632 , 10447
4270 , 10458
3725 , 10452
4342 , 10456
4512 , 10457
4360 , 10462
3233 , 10463
3317 , 10465
871 , 10467
2213 , 10471
3098 , 10473
4034 , 10477
4537 , 10481
3861 , 10486
3581 , 10486
3709 , 10489
3232 , 10493
4636 , 10498
4281 , 10500
3189 , 10503
3379 , 10503
2885 , 10506
3804 , 10511
656 , 10513
3214 , 10517
3240 , 10517
3237 , 10521
1574 , 10523
4863 , 10525
621 , 10529
3543 , 10535
1100 , 10539
3190 , 10544
2531 , 10545
3535 , 10548
3706 , 10550
3533 , 10555
799 , 10558
4229 , 10562
3758 , 10564
3150 , 10567
4466 , 10570
3863 , 10577
3907 , 10582
4600 , 10587
2136 , 10588
3109 , 10591
1538 , 10594
670 , 10598
3996 , 10598
1781 , 10601
1523 , 10604
3224 , 10607
3307 , 10613
3866 , 10615
3319 , 10615
3433 , 10621
3269 , 10622
3156 , 10625
3364 , 10643
1583 , 10642
4230 , 10643
3679 , 10642
2511 , 10645
2512 , 10646
3021 , 10650
933 , 10651
4726 , 10664
3329 , 10661
4022 , 10661
3222 , 10662
4468 , 10667
3705 , 10671
4449 , 10671
4489 , 10675
2066 , 10677
879 , 10680
185 , 10683
3087 , 10685
1681 , 10689
4059 , 10691
2520 , 10696
3243 , 10699
3381 , 10699
3158 , 10702
4716 , 10707
644 , 10708
1028 , 10710
672 , 10714
2556 , 10716
3401 , 10723
3841 , 10727
3293 , 10726
3832 , 10729
4523 , 10732
4193 , 10734
4876 , 10740
2126 , 10739
4000 , 10744
2179 , 10745
1167 , 10748
1555 , 10750
3698 , 10753
3532 , 10756
2591 , 10761
2505 , 10765
2974 , 10769
3480 , 10770
3055 , 10773
2301 , 10774
852 , 10777
3844 , 10783
3639 , 10783
3621 , 10786
3266 , 10789
1384 , 10791
2832 , 10795
4226 , 10796
930 , 10799
3289 , 10802
3887 , 10805
2487 , 10817
3515 , 10816
3521 , 10818
727 , 10815
3107 , 10819
1270 , 10822
2549 , 10827
4582 , 10830
2501 , 10831
854 , 10833
4321 , 10836
3127 , 10838
3511 , 10843
3167 , 10844
2285 , 10847
2658 , 10850
2700 , 10853
2149 , 10856
3872 , 10864
3713 , 10863
2785 , 10866
3279 , 10867
3592 , 10870
1659 , 10872
2956 , 10875
3362 , 10881
2643 , 10882
4257 , 10888
2351 , 10889
3590 , 10891
3220 , 10893
3784 , 10898
3093 , 10898
4185 , 10901
3350 , 10906
2970 , 10911
666 , 10916
3337 , 10917
2345 , 10920
3826 , 10923
3534 , 10928
2709 , 10931
3541 , 10934
3169 , 10940
3586 , 10943
4207 , 10947
769 , 10950
1920 , 10953
2879 , 10956
3580 , 10958
3160 , 10963
4588 , 10967
3633 , 10969
2108 , 10969
2917 , 10971
3448 , 10975
2470 , 10979
3730 , 10981
3072 , 10984
4401 , 10988
2996 , 10994
3057 , 10994
3519 , 10999
3393 , 11001
3613 , 11003
2445 , 11007
3460 , 11009
3106 , 11017
2485 , 11015
4465 , 11025
355 , 11028
4138 , 11031
1089 , 11035
3477 , 11039
1996 , 11041
893 , 11054
2746 , 11047
3355 , 11050
3653 , 11053
1546 , 11052
870 , 11057
3155 , 11060
3065 , 11062
3461 , 11066
3670 , 11069
4412 , 11074
2626 , 11075
2975 , 11079
2518 , 11082
3193 , 11083
471 , 11087
1204 , 11090
3608 , 11092
406 , 11095
3879 , 11102
2649 , 11106
2107 , 11107
3997 , 11109
2798 , 11111
3377 , 11116
2142 , 11118
3417 , 11121
1978 , 11125
3108 , 11128
3068 , 11131
3322 , 11133
4171 , 11135
2931 , 11137
3860 , 11141
3327 , 11143
3479 , 11147
3908 , 11151
3120 , 11153
3095 , 11159
3443 , 11162
193 , 11167
883 , 11169
2659 , 11168
3256 , 11172
470 , 11174
3273 , 11177
3081 , 11179
3121 , 11182
4385 , 11185
2282 , 11188
1387 , 11191
1955 , 11193
3073 , 11196
2357 , 11201
2731 , 11205
2947 , 11206
1495 , 11208
3615 , 11214
1485 , 11215
3750 , 11217
4387 , 11220
4499 , 11224
897 , 11232
1972 , 11231
2796 , 11232
1097 , 11237
3876 , 11240
3383 , 11242
3954 , 11246
595 , 11248
2489 , 11252
2504 , 11256
2204 , 11257
3708 , 11260
3114 , 11265
682 , 11266
4215 , 11269
2563 , 11270
463 , 11273
4087 , 11277
3166 , 11282
3929 , 11285
3770 , 11287
4389 , 11287
657 , 11293
653 , 11296
4545 , 11299
2127 , 11300
1516 , 11303
943 , 11306
2927 , 11309
2944 , 11312
2697 , 11314
1365 , 11317
2010 , 11320
134 , 11325
3966 , 11326
1451 , 11328
3589 , 11338
3499 , 11340
846 , 11338
187 , 11339
8 , 11344
1506 , 11345
660 , 11357
884 , 11358
1511 , 11359
3124 , 11363
1120 , 11371
3695 , 11371
3691 , 11372
4180 , 11374
4076 , 11376
2864 , 11379
3022 , 11383
2812 , 11385
444 , 11388
2195 , 11391
3690 , 11394
4170 , 11397
2077 , 11400
2340 , 11405
2288 , 11405
167 , 11408
2942 , 11412
3283 , 11417
603 , 11418
2132 , 11419
547 , 11422
2248 , 11425
3027 , 11433
1310 , 11432
1432 , 11433
2056 , 11436
2569 , 11441
2687 , 11443
1050 , 11448
555 , 11448
1043 , 11454
3194 , 11454
3172 , 11457
4980 , 11459
3687 , 11463
4135 , 11475
3128 , 11481
2338 , 11483
966 , 11483
2212 , 11492
2508 , 11495
853 , 11497
2089 , 11499
3295 , 11502
3604 , 11505
1301 , 11506
1530 , 11512
1483 , 11512
3497 , 11517
2901 , 11518
3389 , 11523
1711 , 11526
2856 , 11527
1852 , 11535
3647 , 11536
1336 , 11536
219 , 11539
948 , 11552
2576 , 11555
3272 , 11552
1410 , 11552
3137 , 11554
2847 , 11562
2868 , 11565
3815 , 11569
1376 , 11570
3009 , 11573
795 , 11578
3557 , 11580
3151 , 11584
3591 , 11586
4386 , 11587
1415 , 11590
490 , 11593
3323 , 11607
2275 , 11598
564 , 11604
4151 , 11605
2471 , 11610
1091 , 11614
3432 , 11615
1997 , 11617
1754 , 11620
3168 , 11625
2997 , 11627
3516 , 11630
3208 , 11631
2014 , 11634
1366 , 11637
3602 , 11641
665 , 11646
3180 , 11647
462 , 11650
2012 , 11652
2592 , 11658
3501 , 11660
4436 , 11673
3659 , 11662
1776 , 11665
3069 , 11670
4167 , 11672
2323 , 11674
3540 , 11676
792 , 11678
578 , 11681
3694 , 11687
3536 , 11689
4096 , 11689
3868 , 11694
1041 , 11696
443 , 11699
2732 , 11702
4139 , 11705
548 , 11705
4154 , 11709
2347 , 11713
3029 , 11713
2720 , 11715
3610 , 11721
2872 , 11722
2482 , 11727
2771 , 11728
1364 , 11730
1514 , 11735
3336 , 11739
3017 , 11739
3528 , 11743
3094 , 11744
4313 , 11746
3660 , 11751
2114 , 11752
1437 , 11753
2991 , 11759
1550 , 11762
3052 , 11764
2772 , 11765
3830 , 11768
121 , 11769
2242 , 11773
3126 , 11761
1314 , 11779
4071 , 11782
3572 , 11783
3503 , 11787
3520 , 11789
2208 , 11778
3744 , 11795
1494 , 11783
2342 , 11801
3873 , 11804
1394 , 11807
3734 , 11795
2498 , 11813
1421 , 11817
157 , 11820
3855 , 11807
828 , 11811
2358 , 11828
3139 , 11827
2124 , 11819
2915 , 11823
1954 , 11825
3939 , 11842
3878 , 11845
2681 , 11833
2178 , 11836
3434 , 11854
3380 , 11857
2875 , 11860
2623 , 11849
3865 , 11862
2329 , 11855
3152 , 11858
2918 , 11874
3141 , 11878
1976 , 11868
4110 , 11883
873 , 11886
150 , 11889
651 , 11878
3221 , 11881
1070 , 11884
1048 , 11888
1923 , 11891
3325 , 11894
947 , 11897
3179 , 11900
2106 , 11902
3554 , 11904
3059 , 11908
3909 , 11912
908 , 11914
3403 , 11922
2519 , 11933
3494 , 11934
1918 , 11937
1738 , 11939
797 , 11952
3305 , 11953
3164 , 11967
449 , 11958
147 , 11966
1323 , 11964
2866 , 11966
2328 , 11968
1499 , 11984
1769 , 11976
4079 , 11979
1185 , 11982
2878 , 11985
1328 , 11987
3846 , 11991
3097 , 11994
3549 , 11997
3354 , 12000
2115 , 12003
3288 , 12006
3648 , 12010
3241 , 12012
3268 , 12015
2387 , 12022
3053 , 12024
3149 , 12027
2707 , 12031
906 , 12033
4445 , 12036
3365 , 12039
3342 , 12042
3136 , 12045
3231 , 12048
2828 , 12050
3772 , 12054
3662 , 12062
2368 , 12059
2246 , 12069
3664 , 12065
3651 , 12068
1019 , 12071
3212 , 12074
3018 , 12077
2990 , 12080
2444 , 12083
3523 , 12085
3583 , 12089
725 , 12091
3369 , 12095
2806 , 12097
2767 , 12099
3357 , 12102
1305 , 12106
4064 , 12109
2903 , 12112
3206 , 12123
3130 , 12118
2125 , 12121
640 , 12124
3223 , 12126
3033 , 12130
2404 , 12133
2300 , 12136
3831 , 12139
3343 , 12143
2873 , 12155
2794 , 12168
2618 , 12163
1625 , 12166
625 , 12176
1768 , 12175
3344 , 12176
1018 , 12180
4181 , 12181
2121 , 12200
3246 , 12186
4323 , 12188
389 , 12197
2802 , 12200
2810 , 12197
2986 , 12206
3565 , 12211
3573 , 12212
2140 , 12210
2640 , 12219
3410 , 12220
3968 , 12223
2711 , 12226
3524 , 12223
4794 , 12226
4782 , 12229
3234 , 12232
3506 , 12236
3253 , 12237
3290 , 12240
3285 , 12244
4190 , 12246
3564 , 12248
4177 , 12252
4764 , 12254
3759 , 12257
3490 , 12260
4015 , 12263
4273 , 12266
3438 , 12269
4128 , 12272
3254 , 12275
3498 , 12277
4192 , 12281
4396 , 12283
4363 , 12286
3436 , 12288
4526 , 12291
4454 , 12294
4366 , 12297
4394 , 12300
3013 , 12303
3255 , 12306
4462 , 12308
4369 , 12312
3980 , 12314
4958 , 12317
4718 , 12321
4319 , 12326
4947 , 12328
4452 , 12333
4787 , 12338
3869 , 12341
4201 , 12344
4869 , 12332
3462 , 12338
3957 , 12343
3955 , 12346
3304 , 12349
4129 , 12355
159 , 12359
4867 , 12362
3646 , 12368
4311 , 12371
4353 , 12374
4277 , 12377
4329 , 12385
4357 , 12389
4301 , 12392
773 , 12397
4008 , 12400
4825 , 12403
4309 , 12405
4166 , 12408
4294 , 12411
4590 , 12413
4651 , 12416
3897 , 12422
3385 , 12425
4566 , 12428
4184 , 12431
4267 , 12434
4221 , 12437
3937 , 12440
4514 , 12443
3229 , 12446
4789 , 12449
3710 , 12452
4786 , 12455
4657 , 12457
4130 , 12460
3724 , 12463
4142 , 12467
4156 , 12469
4314 , 12471
4459 , 12478
4481 , 12480
4902 , 12483
4754 , 12485
4234 , 12488
4245 , 12491
2274 , 12493
2515 , 12496
4300 , 12500
4931 , 12504
4529 , 12507
4701 , 12509
4020 , 12513
4569 , 12515
4624 , 12518
4240 , 12521
4120 , 12523
3688 , 12526
4122 , 12528
4838 , 12532
3274 , 12534
3806 , 12537
4023 , 12540
4581 , 12543
4125 , 12547
3731 , 12550
3722 , 12553
4593 , 12556
4406 , 12560
4209 , 12562
4808 , 12564
3785 , 12567
3792 , 12570
4157 , 12572
4296 , 12575
3923 , 12578
1654 , 12580
4081 , 12583
4011 , 12586
4486 , 12589
3816 , 12592
4558 , 12595
3995 , 12598
4348 , 12601
4383 , 12603
3471 , 12607
4349 , 12610
4072 , 12613
4619 , 12617
3781 , 12620
3314 , 12622
4132 , 12626
4320 , 12630
4326 , 12633
4381 , 12637
4978 , 12639
4244 , 12642
4338 , 12645
4400 , 12648
4665 , 12650
4872 , 12653
3406 , 12657
3935 , 12661
4376 , 12664
4971 , 12669
4272 , 12669
4405 , 12672
3250 , 12674
4002 , 12677
4841 , 12680
3938 , 12682
4740 , 12685
4812 , 12688
3984 , 12691
4359 , 12694
3566 , 12697
4804 , 12699
4186 , 12702
4761 , 12704
4572 , 12707
3276 , 12711
4121 , 12713
4722 , 12716
4484 , 12718
4959 , 12722
3487 , 12725
475 , 12727
3934 , 12731
4258 , 12733
4238 , 12725
3817 , 12721
4763 , 12723
4689 , 12727
4279 , 12729
4140 , 12736
4627 , 12736
4610 , 12738
3898 , 12741
4532 , 12744
4239 , 12747
3736 , 12750
4303 , 12754
4378 , 12757
4948 , 12760
4710 , 12763
4873 , 12765
4660 , 12769
4579 , 12771
4920 , 12775
3987 , 12777
4685 , 12780
3858 , 12783
3469 , 12786
3834 , 12789
4137 , 12792
4681 , 12796
4364 , 12799
3338 , 12803
4312 , 12806
4306 , 12808
4175 , 12812
4993 , 12815
3571 , 12817
4965 , 12820
4553 , 12824
3712 , 12830
3824 , 12833
4658 , 12837
4721 , 12839
4668 , 12843
3842 , 12851
4143 , 12851
4317 , 12853
4979 , 12857
4856 , 12861
4005 , 12867
3988 , 12874
4646 , 12874
3753 , 12876
3840 , 12880
3737 , 12884
3411 , 12888
3946 , 12899
4678 , 12899
4014 , 12899
4488 , 12901
4966 , 12905
4498 , 12908
3950 , 12911
4528 , 12914
3086 , 13018
4895 , 13021
1460 , 13022
3299 , 13025
3661 , 13027
4063 , 13031
1035 , 13033
3609 , 13037
1030 , 13041
4816 , 13044
3376 , 13047
562 , 13052
1194 , 13054
3513 , 13057
4613 , 13061
3236 , 13065
3910 , 13068
4584 , 13071
3926 , 13076
4615 , 13079
3011 , 13083
3971 , 13085
3967 , 13089
3219 , 13092
4888 , 13096
4269 , 13100
3732 , 13104
3964 , 13107
3721 , 13113
3726 , 13113
3829 , 13114
3970 , 13117
851 , 13120
4051 , 13135
3880 , 13138
2184 , 13142
11 , 13145
3558 , 13147
2361 , 13139
880 , 13143
4202 , 13145
4041 , 13148
3481 , 13152
875 , 13154
3015 , 13158
3359 , 13161
3070 , 13162
3413 , 13167
3517 , 13170
2750 , 13173
2486 , 13176
3328 , 13180
3154 , 13181
418 , 13186
3297 , 13189
2808 , 13193
3715 , 13195
288 , 13201
2684 , 13202
3215 , 13206
15 , 13210
3008 , 13215
2225 , 13216
3484 , 13218
3032 , 13223
3818 , 13226
3217 , 13229
3666 , 13232
2775 , 13235
2494 , 13236
3316 , 13239
1022 , 13242
3117 , 13245
1526 , 13248
2529 , 13251
627 , 13254
3007 , 13259
3386 , 13261
3514 , 13264
3248 , 13267
561 , 13271
3901 , 13274
3175 , 13277
3825 , 13281
3370 , 13284
3612 , 13287
3631 , 13290
3489 , 13292
4069 , 13296
19 , 13299
2799 , 13302
4073 , 13306
558 , 13308
1190 , 13309
3756 , 13313
2967 , 13316
3270 , 13320
2743 , 13324
2527 , 13326
3729 , 13330
2359 , 13333
3174 , 13334
4246 , 13336
4282 , 13341
2085 , 13346
4026 , 13348
1433 , 13349
4682 , 13351
2093 , 13354
3529 , 13358
3191 , 13362
2562 , 13365
4276 , 13368
4094 , 13368
3500 , 13372
4144 , 13376
4911 , 13379
4652 , 13381
1935 , 13382
3420 , 13386
4105 , 13391
4597 , 13392
3088 , 13397
3303 , 13401
3790 , 13401
3531 , 13393
2849 , 13396
3390 , 13398
4402 , 13405
711 , 13405
2853 , 13410
987 , 13413
3593 , 13414
3176 , 13417
1380 , 13420
858 , 13423
2586 , 13425
850 , 13428
4318 , 13431
4407 , 13435
3485 , 13438
2690 , 13441
1112 , 13442
726 , 13446
1168 , 13447
3173 , 13452
1088 , 13455
1529 , 13456
3077 , 13466
3382 , 13466
845 , 13467
3578 , 13471
2760 , 13472
4147 , 13475
2933 , 13478
1990 , 13484
3625 , 13486
3005 , 13490
2336 , 13493
3821 , 13494
4160 , 13498
3862 , 13501
3676 , 13503
3004 , 13506
3188 , 13509
420 , 13514
3823 , 13517
898 , 13521
3300 , 13524
2493 , 13527
3845 , 13528
4495 , 13534
1463 , 13535
3611 , 13539
3847 , 13543
1207 , 13544
652 , 13547
2148 , 13552
3384 , 13554
3776 , 13559
2116 , 13560
3749 , 13563
3993 , 13566
3874 , 13574
4870 , 13576
3553 , 13580
3198 , 11603
526 , 11606
2627 , 11613
2158 , 11617
2294 , 11621
1653 , 11623
2451 , 11626
1886 , 11628
1928 , 11631
1989 , 11634
2478 , 11637
1679 , 11640
1818 , 11643
72 , 11646
77 , 11649
3045 , 11651
2477 , 11655
2946 , 11657
3195 , 11660
3652 , 11663
1367 , 11665
2702 , 11668
377 , 11671
3650 , 11677
1481 , 11680
2203 , 11683
3044 , 11685
3655 , 11688
501 , 11691
3030 , 11694
79 , 11697
2409 , 11700
2198 , 11702
2219 , 11705
2476 , 11708
1876 , 11711
1863 , 11714
2466 , 11716
1007 , 11719
2805 , 11722
1850 , 11724
1105 , 11727
750 , 11731
2725 , 11733
1960 , 11736
1173 , 11739
2459 , 11742
2716 , 11744
1329 , 11748
565 , 11750
2440 , 11752
2226 , 11755
2262 , 11759
3414 , 11762
1952 , 11765
1860 , 11768
2238 , 11770
2151 , 11774
2161 , 11776
1885 , 11780
1741 , 11782
2766 , 11785
2039 , 11792
2699 , 11794
1613 , 11797
2202 , 11800
927 , 11800
2299 , 11803
1718 , 11805
2160 , 11809
2237 , 11811
1994 , 11814
2407 , 11817
3671 , 11820
3138 , 11822
2003 , 11825
796 , 11828
940 , 11831
3216 , 11834
2278 , 11837
3177 , 11840
2589 , 11843
2456 , 11846
4052 , 11848
4049 , 11850
755 , 11854
3324 , 11857
1720 , 11860
1282 , 11863
2689 , 11866
2779 , 11869
2049 , 11872
197 , 11875
2210 , 11879
641 , 11883
2553 , 11886
497 , 11889
415 , 11891
2 , 11894
3122 , 11897
1999 , 11901
2663 , 11904
4068 , 11906
2228 , 11910
3423 , 11912
2712 , 11916
2536 , 11919
2934 , 11921
3075 , 11924
2745 , 11927
336 , 11930
1259 , 11933
3050 , 11935
414 , 11938
2162 , 11941
2568 , 11944
2763 , 11947
3310 , 11949
3692 , 11952
2653 , 11955
655 , 11957
295 , 11960
2495 , 11964
291 , 11966
3040 , 11970
335 , 11972
4976 , 11975
1707 , 11978
3192 , 11981
3123 , 11983
2679 , 11987
683 , 11991
2633 , 11993
3207 , 11996
2146 , 11999
958 , 12002
687 , 12005
742 , 12008
2692 , 12010
107 , 12013
3218 , 12015
1346 , 12018
3037 , 12021
2593 , 12024
408 , 12026
757 , 12030
1913 , 12033
1847 , 12036
748 , 12039
1851 , 12043
3415 , 12046
3669 , 12048
7 , 12051
2650 , 12054
3649 , 12058
2735 , 12060
3416 , 12062
2741 , 12065
3028 , 12068
931 , 12070
1801 , 12074
137 , 12078
3422 , 12079
1796 , 12083
3281 , 12085
351 , 12087
2938 , 12091
1956 , 12094
1763 , 12097
73 , 12099
1248 , 12102
2200 , 12105
2461 , 12108
2677 , 12111
2260 , 12113
1217 , 12118
2157 , 12120
1930 , 12124
3673 , 12126
2227 , 12129
402 , 12131
1880 , 12135
695 , 12139
1966 , 12141
1916 , 12145
1822 , 12147
1803 , 12150
952 , 12153
103 , 12156
2660 , 12158
129 , 12161
2654 , 12164
2710 , 12167
2287 , 12169
1982 , 12173
3668 , 12175
138 , 12178
3326 , 12180
297 , 12184
3047 , 12190
1884 , 12190
3318 , 12192
3048 , 12195
554 , 12198
3699 , 12201
2857 , 12205
1859 , 12208
3209 , 12211
271 , 12213
2391 , 12216
3437 , 12220
3104 , 12223
1231 , 12225
4756 , 12228
2630 , 12230
1883 , 12233
3960 , 12236
2644 , 12239
3204 , 12241
822 , 12244
771 , 12247
1864 , 12250
1220 , 12254
3046 , 12256
2069 , 12262
1321 , 12265
528 , 12267
82 , 12270
3213 , 12272
4890 , 12275
3183 , 12278
198 , 12280
105 , 12283
1672 , 12286
1320 , 12289
1512 , 12293
1829 , 12295
1601 , 12298
1324 , 12300
1567 , 12303
2829 , 12304
2005 , 12308
2078 , 12311
1882 , 12313
116 , 12316
1289 , 12321
2199 , 12323
1235 , 12326
2893 , 12329
1837 , 12332
1646 , 12335
3186 , 12338
2759 , 12341
2682 , 12344
844 , 12348
3244 , 12351
2535 , 12354
1593 , 12356
2376 , 12359
3259 , 12362
2102 , 12365
1973 , 12368
1802 , 12371
2941 , 12373
2830 , 12376
2075 , 12378
760 , 12382
3445 , 12384
1934 , 12388
1114 , 12391
619 , 12394
387 , 12396
390 , 12399
2881 , 12402
1407 , 12405
1985 , 12408
1402 , 12411
3201 , 12414
1957 , 12417
2422 , 12420
3119 , 12423
106 , 12425
2021 , 12429
1342 , 12431
1626 , 12435
764 , 12436
2911 , 12439
394 , 12442
2193 , 12445
2823 , 12448
269 , 12452
855 , 12454
1905 , 12457
2253 , 12460
1246 , 12462
3378 , 12465
2753 , 12468
1697 , 12474
114 , 12475
2900 , 12478
1786 , 12481
1108 , 12484
3133 , 12486
3313 , 12489
2740 , 12492
2838 , 12495
2375 , 12498
1477 , 12501
2936 , 12504
2156 , 12507
2423 , 12509
3482 , 12512
3696 , 12515
1079 , 12518
3145 , 12520
2846 , 12524
2281 , 12526
3435 , 12528
2272 , 12532
2843 , 12534
2761 , 12536
439 , 12539
2092 , 12542
3275 , 12544
3066 , 12547
3153 , 12550
3510 , 12552
1765 , 12555
1080 , 12558
3157 , 12561
3351 , 12564
3360 , 12567
613 , 12570
3038 , 12573
2930 , 12576
2992 , 12579
152 , 12582
4089 , 12584
3135 , 12587
3421 , 12590
1874 , 12595
956 , 12598
426 , 12601
2693 , 12604
3296 , 12608
3512 , 12610
3079 , 12614
1820 , 12613
1900 , 12620
1 , 12622
452 , 12626
2822 , 12629
2320 , 12631
3388 , 12634
12 , 12636
9 , 12640
2651 , 12654
17 , 12646
2283 , 12650
3023 , 12654
2101 , 12657
2564 , 12659
4077 , 12663
3595 , 12669
3430 , 12669
2255 , 12671
994 , 12673
396 , 12677
383 , 12681
3684 , 12685
3446 , 12688
2420 , 12690
2820 , 12693
805 , 12694
3493 , 12696
2577 , 12702
446 , 12702
2919 , 12704
2824 , 12707
3877 , 12709
2369 , 12713
1385 , 12716
2800 , 12719
2538 , 12722
2567 , 12724
2739 , 12728
457 , 12731
3405 , 12740
632 , 12736
4760 , 12694
4884 , 12697
4544 , 12701
3665 , 12704
4158 , 12706
4153 , 12709
4589 , 12711
4155 , 12714
4343 , 12718
4844 , 12720
3969 , 12725
4563 , 12725
4547 , 12728
4214 , 12730
4910 , 12732
3547 , 12735
4339 , 12738
4241 , 12740
4970 , 12743
4896 , 12746
4340 , 12749
4344 , 12752
3905 , 12756
3110 , 12758
4334 , 12761
4098 , 12763
4583 , 12767
3948 , 12769
4862 , 12772
4187 , 12775
4935 , 12777
3930 , 12780
4325 , 12782
4557 , 12786
3779 , 12789
4680 , 12799
3277 , 12799
4298 , 12801
4350 , 12805
4974 , 12810
3751 , 12814
3723 , 12819
4509 , 12822
4322 , 12827
4479 , 12830
3809 , 12854
3718 , 12858
4801 , 12860
594 , 12863
4527 , 12865
4570 , 12874
4262 , 12877
4538 , 12880
3239 , 12883
3913 , 12889
3569 , 12898
4330 , 12901
4608 , 12903
4382 , 12907
4249 , 12910
4084 , 12913
4131 , 12916
3949 , 12922
4505 , 12922
4991 , 12924
3958 , 12927
4250 , 12930
4392 , 12932
4968 , 12935
3850 , 12938
4518 , 12940
4924 , 12943
4507 , 12946
4988 , 12949
4941 , 12952
4835 , 12955
4163 , 12958
4304 , 12960
4223 , 12964
38 , 12967
4251 , 12970
4666 , 12973
4508 , 12975
4168 , 12978
4426 , 12981
3798 , 12985
4169 , 12987
4932 , 12990
4714 , 12993
3836 , 12996
889 , 12999
4683 , 13001
3714 , 13003
4242 , 13006
4220 , 13009
3468 , 13011
4671 , 13014
4715 , 13017
3998 , 13018
4805 , 13022
4078 , 13024
4562 , 13029
3795 , 13031
4211 , 13033
4422 , 13036
3906 , 13039
4218 , 13041
3459 , 13044
3392 , 13047
4732 , 13050
4345 , 13053
4178 , 13056
4310 , 13059
4219 , 13062
4748 , 13067
4119 , 13070
3125 , 13076
4024 , 13077
4482 , 13077
4957 , 13079
3486 , 13082
4236 , 13085
4403 , 13085
4222 , 13091
3348 , 13096
3899 , 13096
4964 , 13099
4982 , 13102
3800 , 13105
3801 , 13107
3548 , 13110
4260 , 13113
4814 , 13118
3630 , 11176
416 , 8967
4960 , 8970
866 , 8967
