489 , 312
451 , 312
457 , 318
585 , 320
130 , 324
456 , 327
117 , 330
376 , 335
390 , 339
571 , 345
568 , 345
584 , 349
392 , 354
435 , 357
384 , 360
410 , 363
358 , 374
473 , 374
319 , 374
553 , 385
336 , 385
566 , 385
272 , 387
478 , 391
418 , 394
75 , 410
76 , 411
263 , 411
535 , 422
523 , 422
315 , 422
197 , 426
37 , 431
441 , 437
131 , 437
9 , 442
281 , 447
119 , 450
2 , 453
467 , 456
22 , 458
472 , 465
513 , 468
554 , 473
143 , 474
162 , 469
42 , 472
317 , 483
420 , 486
574 , 489
62 , 489
285 , 492
525 , 495
393 , 493
532 , 500
118 , 504
421 , 507
23 , 512
185 , 508
35 , 516
542 , 513
534 , 522
431 , 519
31 , 493
463 , 524
353 , 531
36 , 534
344 , 543
374 , 546
469 , 552
133 , 554
165 , 560
289 , 562
80 , 568
270 , 559
448 , 575
8 , 578
47 , 581
278 , 582
199 , 587
53 , 590
67 , 593
382 , 596
206 , 600
198 , 605
100 , 612
517 , 610
146 , 613
30 , 616
434 , 619
320 , 622
364 , 626
506 , 629
28 , 632
78 , 636
437 , 642
114 , 647
50 , 650
279 , 654
373 , 657
287 , 661
587 , 663
166 , 658
41 , 669
413 , 664
158 , 667
284 , 670
182 , 676
91 , 680
73 , 683
557 , 694
108 , 690
124 , 693
5 , 696
447 , 699
51 , 702
69 , 705
20 , 708
402 , 710
21 , 713
203 , 725
202 , 727
142 , 730
220 , 733
212 , 736
227 , 739
66 , 742
299 , 745
234 , 748
132 , 751
259 , 755
214 , 757
157 , 763
191 , 763
208 , 766
649 , 768
654 , 771
113 , 773
186 , 777
98 , 779
167 , 783
196 , 786
271 , 788
194 , 791
224 , 793
295 , 796
670 , 800
127 , 803
604 , 805
702 , 809
618 , 812
412 , 815
716 , 818
664 , 826
675 , 826
177 , 829
644 , 832
722 , 836
173 , 838
745 , 841
1287 , 844
718 , 847
483 , 850
1312 , 855
387 , 858
747 , 861
761 , 864
840 , 866
159 , 870
1405 , 873
748 , 877
1421 , 881
1432 , 884
613 , 887
462 , 892
1473 , 894
1491 , 898
1469 , 901
1448 , 904
1420 , 907
869 , 911
1913 , 914
55 , 916
425 , 920
129 , 928
721 , 931
1314 , 934
1320 , 937
785 , 940
775 , 943
857 , 946
792 , 948
863 , 952
1423 , 956
1494 , 958
871 , 961
275 , 963
218 , 966
330 , 970
209 , 972
713 , 976
623 , 979
207 , 982
1283 , 985
719 , 988
187 , 990
1311 , 993
398 , 997
497 , 1000
1419 , 1003
851 , 1006
383 , 1009
313 , 1012
445 , 1015
772 , 1021
1492 , 1022
1290 , 1025
612 , 1028
1468 , 1031
365 , 1034
674 , 1037
1406 , 1039
149 , 1043
1291 , 1048
787 , 1060
764 , 1060
1427 , 1060
860 , 1071
230 , 1071
685 , 1071
500 , 1084
1465 , 1084
795 , 1072
125 , 1095
427 , 1107
621 , 1107
1935 , 1084
858 , 1092
607 , 1102
1466 , 1103
646 , 1132
1317 , 1114
1329 , 1122
1436 , 1129
1295 , 1129
3006 , 1137
798 , 1151
1323 , 1167
1938 , 1167
2342 , 1173
1334 , 1174
233 , 1176
1451 , 1179
1976 , 1182
291 , 1185
1869 , 1188
1991 , 1191
86 , 1195
7 , 1198
1519 , 1192
2028 , 1195
1507 , 1198
1917 , 1202
95 , 1204
310 , 1207
1631 , 1210
294 , 1213
1514 , 1215
2567 , 1222
1580 , 1227
1996 , 1223
1539 , 1226
2001 , 1228
1348 , 1225
2003 , 1234
3009 , 1238
2027 , 1240
1673 , 1242
1349 , 1245
622 , 1249
2343 , 1260
2572 , 1254
2247 , 1257
2300 , 1260
2364 , 1263
648 , 1266
2015 , 1269
3010 , 1272
1997 , 1276
258 , 1280
1503 , 1283
1511 , 1285
1572 , 1289
2700 , 1292
1604 , 1296
1358 , 1298
2721 , 1301
931 , 1304
1612 , 1306
1674 , 1309
662 , 1312
1939 , 1315
1152 , 1317
1980 , 1320
3023 , 1324
2006 , 1327
2012 , 1330
1575 , 1334
3024 , 1336
1820 , 1338
2045 , 1342
808 , 1346
1340 , 1349
2183 , 1353
2728 , 1356
2326 , 1359
879 , 1356
1544 , 1366
1550 , 1368
1660 , 1370
1658 , 1340
2034 , 1377
1661 , 1381
706 , 1389
1501 , 1386
2072 , 1399
1947 , 1402
2371 , 1400
843 , 1402
2331 , 1409
1595 , 1411
673 , 1416
1766 , 1418
1669 , 1422
875 , 1427
1724 , 1431
715 , 1433
2052 , 1437
2619 , 1439
2033 , 1433
3873 , 1437
2313 , 1448
1784 , 1451
846 , 1453
92 , 1454
2094 , 1460
2358 , 1463
903 , 1466
2029 , 1469
959 , 1472
1654 , 1475
1705 , 1478
4835 , 1480
693 , 1483
883 , 1486
3008 , 1489
1657 , 1492
2370 , 1495
1747 , 1498
2066 , 1500
2396 , 1503
712 , 1507
2051 , 1509
2332 , 1513
1665 , 1516
2329 , 1518
1042 , 1522
318 , 1524
1745 , 1528
2402 , 1530
1968 , 1533
1750 , 1537
1051 , 1539
1685 , 1542
1701 , 1544
2092 , 1547
1700 , 1550
1754 , 1553
1352 , 1556
1957 , 1558
1590 , 1562
876 , 1564
93 , 1567
2042 , 1570
1691 , 1573
824 , 1576
1596 , 1579
1762 , 1582
3068 , 1585
1958 , 1588
653 , 1590
316 , 1593
1573 , 1596
691 , 1599
1735 , 1602
2570 , 1606
2707 , 1608
2061 , 1611
2064 , 1615
2249 , 1617
1549 , 1621
2729 , 1623
765 , 1627
1603 , 1630
2071 , 1633
4836 , 1637
2330 , 1640
2997 , 1642
838 , 1645
1497 , 1649
2080 , 1651
1780 , 1655
2346 , 1658
521 , 1661
1781 , 1665
944 , 1668
1500 , 1670
2302 , 1673
237 , 1676
3067 , 1679
658 , 1682
1723 , 1684
881 , 1687
2386 , 1690
837 , 1693
1945 , 1696
1608 , 1699
940 , 1701
1703 , 1705
694 , 1707
1675 , 1711
2340 , 1714
2097 , 1717
1821 , 1720
809 , 1723
3052 , 1726
3057 , 1730
2434 , 1733
1681 , 1741
811 , 1745
1751 , 1739
546 , 1751
2016 , 1753
1538 , 1757
2032 , 1759
1516 , 1762
1962 , 1765
867 , 1768
833 , 1728
1970 , 1774
1584 , 1768
1361 , 1776
2612 , 1774
1951 , 1777
1047 , 1787
3080 , 1789
2379 , 1793
2565 , 1789
611 , 1793
2693 , 1796
1362 , 1805
2564 , 1803
2132 , 1805
680 , 1809
859 , 1811
599 , 1814
1176 , 1817
2180 , 1820
2453 , 1824
2085 , 1827
1286 , 1830
1148 , 1835
1920 , 1838
1064 , 1842
2020 , 1845
3106 , 1848
969 , 1854
2215 , 1855
2057 , 1856
760 , 1859
2266 , 1827
2093 , 1866
1458 , 1868
2421 , 1871
1624 , 1872
1100 , 1875
3090 , 1880
1106 , 1876
839 , 1886
1078 , 1889
2232 , 1889
1788 , 1892
1923 , 1895
1020 , 1892
1411 , 1902
1484 , 1903
2427 , 1905
1119 , 1917
1790 , 1920
1207 , 1923
2134 , 1925
1615 , 1914
1066 , 1931
866 , 1934
1722 , 1931
1128 , 1932
1153 , 1936
834 , 1938
1030 , 1941
1842 , 1944
1629 , 1947
957 , 1959
907 , 1953
2558 , 1957
1638 , 1960
1192 , 1962
2425 , 1965
1226 , 1968
2230 , 1971
909 , 1969
1223 , 1977
1129 , 1981
1825 , 1984
2470 , 1986
938 , 1998
1619 , 1992
3861 , 1994
2495 , 1998
1828 , 2001
1895 , 2003
1101 , 2006
1801 , 2010
1883 , 2013
3088 , 2024
2498 , 2019
1003 , 2021
1131 , 2024
1856 , 2027
2147 , 2030
1635 , 2034
1717 , 2038
1235 , 2041
2239 , 2043
1475 , 2045
1878 , 2049
1228 , 2052
1803 , 2055
1495 , 2058
947 , 2061
3091 , 2064
1753 , 2066
1082 , 2070
2055 , 2073
1299 , 2076
1746 , 2079
1187 , 2082
556 , 2085
1083 , 2089
1450 , 2091
1087 , 2095
1897 , 2098
2284 , 2100
960 , 2106
3101 , 2109
1045 , 2113
1093 , 2113
2074 , 2118
1158 , 2119
1253 , 2122
1356 , 2125
1092 , 2132
1637 , 2136
1297 , 2138
2189 , 2141
1353 , 2144
2187 , 2149
1846 , 2150
1124 , 2152
979 , 2157
1822 , 2160
1091 , 2164
1022 , 2166
1278 , 2170
2414 , 2173
1840 , 2179
1485 , 2184
2690 , 2185
1977 , 2189
2095 , 2191
1498 , 2195
3134 , 2198
1435 , 2202
605 , 2205
1258 , 2209
2413 , 2212
1439 , 2215
2375 , 2218
794 , 2221
1261 , 2224
614 , 2227
1264 , 2230
710 , 2233
1369 , 2237
731 , 2240
1305 , 2243
1230 , 2246
1570 , 2250
1265 , 2253
1383 , 2255
2359 , 2258
797 , 2261
632 , 2264
1903 , 2267
1857 , 2269
1200 , 2272
2107 , 2276
2691 , 2278
1365 , 2281
1246 , 2284
2337 , 2286
2173 , 2289
2210 , 2292
941 , 2295
2019 , 2299
2310 , 2302
1835 , 2304
1307 , 2308
4756 , 2312
645 , 2315
1678 , 2318
1149 , 2325
1060 , 2328
2585 , 2331
2450 , 2334
1731 , 2338
1876 , 2340
3108 , 2344
559 , 2347
1154 , 2350
2017 , 2352
1463 , 2356
2765 , 2360
1522 , 2363
1376 , 2366
1525 , 2369
1872 , 2372
1113 , 2375
1292 , 2378
1150 , 2381
4753 , 2384
1202 , 2387
950 , 2390
610 , 2394
1205 , 2396
2081 , 2399
2319 , 2402
2527 , 2406
641 , 2408
1397 , 2410
1058 , 2418
2023 , 2418
2290 , 2419
1892 , 2423
2767 , 2425
1763 , 2428
1805 , 2431
1908 , 2434
1114 , 2436
2164 , 2439
1472 , 2442
564 , 2445
647 , 2448
921 , 2451
2528 , 2454
1151 , 2456
888 , 2459
1112 , 2462
849 , 2466
2889 , 2468
1068 , 2471
2242 , 2474
679 , 2477
1156 , 2480
2229 , 2484
2253 , 2487
1209 , 2490
1690 , 2492
1195 , 2495
1403 , 2498
902 , 2501
1773 , 2471
1300 , 2474
3086 , 2510
1002 , 2513
2436 , 2516
1870 , 2486
2022 , 2489
1053 , 2525
2447 , 2494
1303 , 2530
1140 , 2500
1141 , 2503
1094 , 2506
916 , 2541
1880 , 2511
1919 , 2514
2403 , 2517
930 , 2520
2886 , 2523
1304 , 2526
1250 , 2529
2289 , 2532
1234 , 2535
1018 , 2537
1251 , 2541
1396 , 2543
1095 , 2547
1515 , 2550
1905 , 2553
1069 , 2556
2583 , 2559
1964 , 2562
1238 , 2565
1916 , 2572
4761 , 2575
934 , 2579
639 , 2582
1077 , 2585
633 , 2588
3098 , 2591
2481 , 2595
915 , 2597
920 , 2600
1639 , 2603
2010 , 2607
1424 , 2610
1456 , 2614
2155 , 2617
620 , 2622
922 , 2625
1804 , 2632
1594 , 2634
1887 , 2637
1059 , 2641
1845 , 2644
925 , 2647
1858 , 2652
1513 , 2657
935 , 2660
2297 , 2663
563 , 2668
2079 , 2671
1377 , 2674
1181 , 2678
2291 , 2681
1963 , 2684
2392 , 2687
2225 , 2691
1301 , 2693
2162 , 2698
1191 , 2704
1061 , 2708
1416 , 2711
1902 , 2715
1806 , 2716
2149 , 2719
2561 , 2724
1034 , 2727
2428 , 2730
767 , 2735
2515 , 2736
583 , 2741
1240 , 2745
1455 , 2750
1413 , 2794
1909 , 2754
971 , 2755
678 , 2758
1145 , 2762
1599 , 2765
2442 , 2810
988 , 2813
1925 , 2775
2098 , 2819
1646 , 2781
891 , 2827
836 , 2831
2438 , 2837
2158 , 2801
1662 , 2804
2750 , 2847
912 , 2851
1048 , 2854
1708 , 2856
1771 , 2859
1736 , 2819
2053 , 2862
3083 , 2865
2580 , 2831
1896 , 2871
676 , 2839
1489 , 2849
1582 , 2854
656 , 2859
2262 , 2863
1347 , 2868
2318 , 2872
2615 , 2875
2011 , 2882
1730 , 2898
2044 , 2901
1959 , 2905
1272 , 2923
1716 , 2958
2880 , 2927
1583 , 2933
1125 , 2935
1628 , 2939
2050 , 2975
2246 , 2950
1052 , 2952
1789 , 2988
1767 , 2991
975 , 2960
677 , 2965
2439 , 2967
1598 , 2963
1982 , 2963
1875 , 2974
1699 , 2974
954 , 2981
1548 , 2986
2311 , 2989
4804 , 2985
668 , 2994
606 , 2998
2171 , 3001
1375 , 2994
704 , 2996
3118 , 3006
998 , 3012
2110 , 3014
1819 , 3013
2475 , 3028
1560 , 3027
687 , 3027
1013 , 3039
3670 , 3044
1339 , 3039
865 , 3047
1203 , 3058
2084 , 3050
4617 , 3067
1694 , 3067
4939 , 3076
1785 , 3075
2869 , 3080
2088 , 3076
1425 , 3078
1073 , 3082
1577 , 3088
853 , 3098
2420 , 3090
1757 , 3103
601 , 3106
2669 , 3101
953 , 3112
2037 , 3106
1282 , 3109
2286 , 3113
1341 , 3124
541 , 3117
2101 , 3131
2163 , 3133
1325 , 3136
2274 , 3131
2762 , 3133
2692 , 3139
2116 , 3151
963 , 3146
1837 , 3148
1249 , 3153
2593 , 3163
749 , 3160
2501 , 3162
1824 , 3165
111 , 3167
2278 , 3169
2492 , 3174
2104 , 3176
2835 , 3180
2718 , 3183
2115 , 3195
174 , 3187
4650 , 3194
436 , 3192
2105 , 3197
1625 , 3199
1949 , 3204
2062 , 3208
4783 , 3210
803 , 3214
1391 , 3215
2385 , 3219
2546 , 3221
2127 , 3236
2382 , 3229
628 , 3233
1476 , 3236
4358 , 3240
1461 , 3240
642 , 3245
2195 , 3248
1471 , 3251
973 , 3253
2844 , 3254
2774 , 3265
725 , 3267
4763 , 3270
2122 , 3272
2582 , 3278
1143 , 3280
2251 , 3283
2521 , 3284
1912 , 3289
1704 , 3291
1155 , 3294
2503 , 3297
1811 , 3302
1932 , 3303
769 , 3307
2129 , 3310
1655 , 3312
4766 , 3316
2143 , 3320
1652 , 3322
1480 , 3325
1934 , 3326
728 , 3331
2463 , 3332
791 , 3337
1975 , 3341
1740 , 3344
1170 , 3347
2870 , 3351
4404 , 3354
868 , 3358
877 , 3359
1075 , 3364
773 , 3367
2532 , 3370
697 , 3372
3668 , 3374
2530 , 3377
1011 , 3381
1298 , 3384
1792 , 3386
2177 , 3391
1702 , 3393
1309 , 3395
2185 , 3398
4621 , 3401
1614 , 3404
757 , 3407
2771 , 3410
4354 , 3414
3939 , 3417
1861 , 3419
1563 , 3422
2351 , 3425
1791 , 3429
1936 , 3432
1831 , 3435
1086 , 3436
2317 , 3439
4546 , 3442
1440 , 3447
2362 , 3449
2103 , 3451
727 , 3454
1797 , 3456
2387 , 3462
1481 , 3464
756 , 3469
2035 , 3471
1076 , 3473
1327 , 3476
1273 , 3478
175 , 3482
161 , 3484
429 , 3496
342 , 3498
1978 , 3497
1208 , 3498
2335 , 3503
771 , 3506
468 , 3507
4769 , 3512
2401 , 3514
742 , 3518
4360 , 3521
1012 , 3524
1146 , 3527
1032 , 3530
1021 , 3531
579 , 3536
1284 , 3537
2220 , 3545
2460 , 3549
4768 , 3551
2444 , 3552
1796 , 3559
1960 , 3564
1555 , 3565
2852 , 3569
1350 , 3572
1017 , 3578
2684 , 3579
2639 , 3581
4808 , 3585
1462 , 3588
1545 , 3590
176 , 3594
26 , 3599
466 , 3604
755 , 3607
1483 , 3611
2216 , 3621
2657 , 3626
1879 , 3629
1707 , 3631
1457 , 3635
778 , 3638
2720 , 3638
1944 , 3644
475 , 3647
1554 , 3651
2021 , 3652
852 , 3657
1941 , 3660
2327 , 3663
2462 , 3666
1338 , 3669
471 , 3671
2047 , 3673
2682 , 3679
3897 , 3681
793 , 3685
2293 , 3687
790 , 3690
4926 , 3697
812 , 3701
4545 , 3708
818 , 3708
2575 , 3713
1332 , 3714
854 , 3719
2260 , 3719
911 , 3724
3121 , 3727
2139 , 3729
1860 , 3734
2108 , 3735
2605 , 3741
2507 , 3745
2344 , 3746
1899 , 3746
2514 , 3749
923 , 3755
2119 , 3756
3888 , 3763
1571 , 3761
2207 , 3768
1578 , 3768
2252 , 3775
2550 , 3777
2228 , 3780
1636 , 3784
955 , 3786
2258 , 3791
885 , 3790
943 , 3793
913 , 3800
817 , 3802
991 , 3802
1772 , 3808
2452 , 3811
2287 , 3814
1849 , 3814
1715 , 3816
3876 , 3819
1928 , 3823
2799 , 3825
1510 , 3830
1786 , 3832
4738 , 3838
2268 , 3838
723 , 3841
2227 , 3843
1818 , 3846
1670 , 3849
150 , 3852
861 , 3857
1561 , 3857
3112 , 3860
1337 , 3863
116 , 3870
292 , 3870
2483 , 3875
990 , 3875
2917 , 3880
2857 , 3881
1946 , 3884
1547 , 3887
2276 , 3891
2635 , 3895
1839 , 3894
2547 , 3900
1221 , 3902
901 , 3903
4630 , 3908
2068 , 3910
999 , 3912
1324 , 3918
2002 , 3924
2146 , 3926
2144 , 3931
1259 , 3930
2159 , 3933
1467 , 3937
2449 , 3942
2137 , 3946
1672 , 3951
4631 , 3956
1915 , 3960
726 , 3963
2646 , 3964
2641 , 3967
2512 , 3973
2934 , 3976
1689 , 3978
458 , 3984
2517 , 3988
1111 , 3988
1355 , 3991
3929 , 3997
394 , 3998
1183 , 4001
4935 , 4006
1054 , 4008
4869 , 4013
970 , 4016
763 , 4019
2883 , 4023
1589 , 4026
2661 , 4033
732 , 4035
2645 , 4036
1562 , 4039
560 , 4044
1644 , 4047
1065 , 4050
1930 , 4054
2976 , 4055
2245 , 4058
994 , 4063
4497 , 4072
326 , 4078
2131 , 4081
2109 , 4085
1952 , 4088
2775 , 4091
1749 , 4093
4671 , 4096
1843 , 4099
1006 , 4102
892 , 4105
296 , 4108
2277 , 4111
2587 , 4114
1729 , 4117
1799 , 4122
2063 , 4127
733 , 4129
1231 , 4133
1162 , 4136
1517 , 4140
3667 , 4149
4942 , 4150
4205 , 4150
1096 , 4153
2054 , 4157
985 , 4160
1110 , 4176
984 , 4183
2314 , 4186
1115 , 4190
2747 , 4193
4657 , 4197
1242 , 4200
3870 , 4203
2214 , 4207
1024 , 4211
707 , 4214
1212 , 4217
802 , 4220
3205 , 4223
630 , 4226
1285 , 4228
4281 , 4232
796 , 4237
189 , 4240
1344 , 4243
2769 , 4246
4944 , 4249
1085 , 4252
2338 , 4255
1127 , 4258
3056 , 4261
1417 , 4264
1508 , 4267
937 , 4270
896 , 4278
4537 , 4282
1236 , 4285
619 , 4288
3833 , 4293
730 , 4294
2895 , 4297
400 , 4300
2628 , 4303
3880 , 4306
1742 , 4309
688 , 4311
2060 , 4314
2069 , 4320
667 , 4316
1907 , 4318
904 , 4324
192 , 4329
4301 , 4332
2292 , 4331
1648 , 4333
2518 , 4339
1642 , 4342
1910 , 4345
2213 , 4350
2848 , 4353
1382 , 4353
918 , 4356
2198 , 4359
1587 , 4362
4604 , 4365
2007 , 4370
666 , 4374
4946 , 4374
4523 , 4377
4492 , 4384
2411 , 4385
1241 , 4388
4951 , 4391
4527 , 4393
4638 , 4395
1116 , 4397
643 , 4400
2497 , 4402
4644 , 4405
1711 , 4409
2748 , 4414
4870 , 4417
638 , 4420
928 , 4422
1185 , 4426
1218 , 4429
1493 , 4432
873 , 4434
2840 , 4437
210 , 4438
1390 , 4441
1981 , 4445
4616 , 4448
1956 , 4452
2699 , 4454
2288 , 4458
652 , 4462
2464 , 4464
4691 , 4467
4982 , 4470
1688 , 4473
1606 , 4477
1712 , 4479
2636 , 4481
4810 , 4486
2804 , 4488
1602 , 4492
2800 , 4493
625 , 4497
2133 , 4499
3874 , 4502
1206 , 4505
1727 , 4508
1081 , 4512
1617 , 4515
2632 , 4518
2538 , 4521
1233 , 4524
2715 , 4527
1160 , 4531
561 , 4533
729 , 4536
4626 , 4542
4363 , 4545
4635 , 4548
1478 , 4551
104 , 4554
819 , 4557
4608 , 4559
2000 , 4563
2106 , 4565
2459 , 4569
4767 , 4572
2863 , 4575
1190 , 4578
2581 , 4581
1245 , 4584
1015 , 4587
2662 , 4591
1188 , 4593
2524 , 4596
700 , 4599
2196 , 4602
550 , 4604
1266 , 4608
958 , 4611
1656 , 4616
2426 , 4620
3890 , 4622
1107 , 4625
1126 , 4625
2412 , 4628
4520 , 4633
2176 , 4636
4816 , 4638
1444 , 4643
1135 , 4644
1759 , 4648
2451 , 4654
530 , 4656
1898 , 4659
2192 , 4661
2086 , 4664
2166 , 4666
4242 , 4670
309 , 4671
323 , 4669
1269 , 4675
1512 , 4674
1721 , 4678
1364 , 4681
1164 , 4685
4634 , 4687
683 , 4691
1263 , 4696
362 , 4697
1447 , 4705
1394 , 4705
147 , 4711
2305 , 4711
4343 , 4717
1640 , 4717
1989 , 4719
895 , 4726
1422 , 4728
2499 , 4735
4710 , 4737
1393 , 4742
2798 , 4745
306 , 4748
2199 , 4751
2191 , 4753
1437 , 4755
933 , 4759
708 , 4761
1725 , 4763
681 , 4767
2943 , 4770
1046 , 4774
2491 , 4780
1623 , 4783
3911 , 4787
2674 , 4788
1881 , 4790
1386 , 4793
1810 , 4798
650 , 4802
2458 , 4805
1288 , 4816
2947 , 4808
1378 , 4810
1698 , 4813
1163 , 4818
1664 , 4819
2405 , 4823
2443 , 4824
4676 , 4826
980 , 4831
2281 , 4834
1415 , 4839
4246 , 4841
3948 , 4842
3026 , 4844
2650 , 4847
4622 , 4849
2190 , 4852
1504 , 4855
2562 , 4858
823 , 4862
738 , 4869
2601 , 4871
705 , 4875
1616 , 4879
2913 , 4881
2755 , 4886
2308 , 4886
2933 , 4889
1062 , 4894
2959 , 4895
2549 , 4898
314 , 4903
2473 , 4904
1232 , 4908
2577 , 4910
349 , 4913
1779 , 4916
4307 , 4921
4683 , 4922
997 , 4927
4867 , 4927
2655 , 4931
2008 , 4936
735 , 4937
195 , 4942
3836 , 4941
3819 , 4947
1911 , 4948
2506 , 4951
4572 , 4954
1543 , 4960
522 , 4962
1139 , 4966
4698 , 4969
1225 , 4971
346 , 4985
703 , 4978
2923 , 4982
2710 , 4985
917 , 4986
4511 , 4989
4494 , 4994
1296 , 4998
1526 , 4999
2952 , 5004
1713 , 5007
1867 , 5009
1530 , 5012
1697 , 5015
1224 , 5021
4983 , 5020
1591 , 5025
2043 , 5028
2423 , 5032
780 , 5033
401 , 5038
4237 , 5039
3351 , 5041
3224 , 5045
1709 , 5047
4988 , 5052
1056 , 5056
4811 , 5059
1546 , 5062
1262 , 5065
2678 , 5065
1144 , 5067
4590 , 5072
2304 , 5074
4250 , 5077
1874 , 5083
3425 , 5086
3364 , 5090
3155 , 5095
1050 , 5098
1408 , 5100
4941 , 5104
2784 , 5106
4445 , 5111
3115 , 5112
3362 , 5115
2642 , 5118
4957 , 5120
2954 , 5128
2831 , 5132
3269 , 5135
3458 , 5139
2877 , 5142
2810 , 5145
3349 , 5148
2925 , 5151
2500 , 5154
2469 , 5157
4948 , 5161
2091 , 5163
2457 , 5166
2540 , 5170
3438 , 5172
3991 , 5176
1429 , 5180
3060 , 5185
4976 , 5185
2783 , 5190
1558 , 5193
1001 , 5198
1313 , 5203
3840 , 5212
2746 , 5213
2860 , 5216
1565 , 5219
1257 , 5222
3054 , 5225
4936 , 5229
4960 , 5232
3579 , 5233
2944 , 5237
1138 , 5239
2522 , 5243
786 , 5244
880 , 5247
1326 , 5249
1449 , 5253
2519 , 5256
3619 , 5258
3034 , 5262
3172 , 5267
3157 , 5267
5000 , 5272
2174 , 5273
3602 , 5276
4986 , 5280
3441 , 5282
3655 , 5285
1133 , 5288
1452 , 5292
3032 , 5294
4992 , 5298
2977 , 5299
1453 , 5303
2361 , 5309
2663 , 5311
1023 , 5314
3332 , 5316
3611 , 5319
1744 , 5323
1384 , 5326
3432 , 5328
2529 , 5331
3916 , 5333
3444 , 5338
1443 , 5341
657 , 5345
2169 , 5346
1336 , 5350
2175 , 5352
3058 , 5358
3342 , 5359
2785 , 5364
1120 , 5365
3510 , 5369
3556 , 5369
2909 , 5374
4280 , 5376
2568 , 5380
2833 , 5384
1168 , 5385
4510 , 5389
4502 , 5392
3331 , 5394
4461 , 5401
3017 , 5402
3180 , 5407
4999 , 5411
4639 , 5411
2683 , 5413
4236 , 5416
2780 , 5420
4319 , 5421
355 , 5422
470 , 5425
3485 , 5430
408 , 5431
3426 , 5433
54 , 5437
4703 , 5444
4847 , 5444
3512 , 5450
3716 , 5451
4044 , 5456
3281 , 5457
3904 , 5461
3726 , 5464
2807 , 5468
3400 , 5471
3336 , 5475
3263 , 5478
4036 , 5482
4641 , 5485
140 , 5489
4724 , 5492
4046 , 5495
419 , 5499
4481 , 5505
3737 , 5505
3159 , 5512
3993 , 5512
3241 , 5516
665 , 5522
395 , 5522
1331 , 5528
3992 , 5529
126 , 5533
3394 , 5535
3985 , 5539
4051 , 5542
4436 , 5546
3734 , 5549
2907 , 5552
3406 , 5556
3268 , 5559
3267 , 5573
4134 , 5577
2912 , 5580
3599 , 5583
141 , 5587
3739 , 5589
3974 , 5592
40 , 5594
4038 , 5600
4056 , 5600
4302 , 5602
3399 , 5606
3446 , 5609
3436 , 5612
444 , 5616
3997 , 5620
4432 , 5622
3238 , 5624
490 , 5628
3928 , 5631
4049 , 5634
3237 , 5636
3627 , 5639
495 , 5642
423 , 5645
2914 , 5648
4313 , 5653
4061 , 5653
3623 , 5656
510 , 5659
3999 , 5662
4214 , 5665
3582 , 5669
3981 , 5671
507 , 5674
221 , 5676
2816 , 5679
4800 , 5682
4737 , 5685
201 , 5688
3220 , 5690
70 , 5693
4716 , 5696
3615 , 5699
45 , 5701
3216 , 5705
4447 , 5707
514 , 5710
4005 , 5713
4286 , 5717
498 , 5720
3417 , 5723
4647 , 5726
215 , 5728
65 , 5731
2962 , 5734
3361 , 5740
3724 , 5742
4668 , 5744
3474 , 5748
3321 , 5750
4014 , 5754
4687 , 5757
4308 , 5759
403 , 5763
3477 , 5765
56 , 5768
3566 , 5771
416 , 5775
4552 , 5777
4451 , 5782
4989 , 5796
3493 , 5795
4548 , 5796
170 , 5795
4149 , 5799
3288 , 5799
4749 , 5802
219 , 5805
2964 , 5807
4133 , 5810
4423 , 5813
59 , 5817
3325 , 5820
4233 , 5823
2930 , 5827
3906 , 5830
832 , 5832
3016 , 5835
4615 , 5838
4024 , 5841
4551 , 5844
4645 , 5849
4130 , 5852
232 , 5855
2806 , 5858
63 , 5862
3511 , 5864
3245 , 5869
548 , 5871
3970 , 5874
3721 , 5878
4675 , 5883
4029 , 5886
4745 , 5889
515 , 5892
2826 , 5893
3732 , 5895
4416 , 5897
499 , 5900
90 , 5903
684 , 5906
547 , 5909
4474 , 5911
3517 , 5914
589 , 5917
2931 , 5920
4726 , 5924
4469 , 5926
582 , 5929
4609 , 5933
424 , 5936
3323 , 5938
4925 , 5942
592 , 5943
4143 , 5946
4643 , 5948
2850 , 5951
4798 , 5954
4163 , 5956
501 , 5960
4433 , 5964
49 , 5965
81 , 5969
3415 , 5973
3505 , 5975
4933 , 5978
3243 , 5981
3497 , 5984
4189 , 5986
3945 , 5988
4248 , 5991
3608 , 5994
4192 , 5996
4098 , 6000
293 , 6002
3213 , 6006
3593 , 6009
4132 , 6011
4006 , 6014
3755 , 6016
417 , 6020
3907 , 6023
64 , 6025
3612 , 6027
3806 , 6032
4782 , 6038
3979 , 6041
72 , 6046
488 , 6051
4398 , 6054
3508 , 6060
4169 , 6062
4553 , 6067
4813 , 6069
3530 , 6073
3932 , 6080
3125 , 6082
586 , 6085
3523 , 6093
94 , 6097
4018 , 6098
4045 , 6101
4806 , 6110
4660 , 6113
4708 , 6117
329 , 6119
4059 , 6123
3228 , 6132
3521 , 6135
3282 , 6139
3501 , 6141
52 , 6145
68 , 6152
200 , 6153
151 , 6157
4224 , 6161
502 , 6163
4670 , 6166
4173 , 6170
4435 , 6172
3776 , 6175
4310 , 6179
32 , 6181
3434 , 6183
3532 , 6186
575 , 6189
4587 , 6192
3759 , 6195
4991 , 6199
4037 , 6201
106 , 6204
596 , 6207
3111 , 6210
33 , 6214
4822 , 6217
4558 , 6219
3 , 6222
57 , 6225
4633 , 6228
3515 , 6232
34 , 6235
3223 , 6237
248 , 6239
3227 , 6242
4581 , 6245
4709 , 6249
4362 , 6250
580 , 6254
3527 , 6256
3005 , 6260
3750 , 6262
505 , 6265
260 , 6267
3472 , 6272
3396 , 6273
3698 , 6276
409 , 6282
4032 , 6281
4411 , 6285
4717 , 6287
109 , 6291
4295 , 6295
3062 , 6296
97 , 6300
3702 , 6302
4193 , 6305
4180 , 6308
2983 , 6311
2891 , 6315
4027 , 6317
4797 , 6324
4840 , 6328
4711 , 6331
4364 , 6334
3466 , 6337
3414 , 6341
4384 , 6342
153 , 6346
3740 , 6350
264 , 6351
3451 , 6355
4103 , 6357
391 , 6360
3496 , 6363
4055 , 6365
3250 , 6368
1852 , 6371
3701 , 6373
4446 , 6376
3783 , 6379
4825 , 6383
4429 , 6385
3779 , 6389
3771 , 6392
565 , 6393
3261 , 6396
3704 , 6399
4453 , 6402
2924 , 6406
3347 , 6406
4026 , 6409
79 , 6413
4035 , 6417
3055 , 6417
4751 , 6421
4486 , 6423
4021 , 6427
3278 , 6429
2929 , 6433
3012 , 6435
4673 , 6437
3980 , 6442
4119 , 6443
3479 , 6445
3443 , 6448
4799 , 6452
3797 , 6453
3784 , 6457
4555 , 6460
3456 , 6463
3073 , 6465
4345 , 6468
3367 , 6471
3435 , 6474
4316 , 6477
3048 , 6480
4929 , 6485
4391 , 6485
60 , 6489
4563 , 6492
4172 , 6494
3709 , 6496
17 , 6499
4126 , 6502
4722 , 6506
4113 , 6506
3075 , 6509
4930 , 6515
3377 , 6515
3767 , 6518
4158 , 6521
29 , 6523
3371 , 6526
4713 , 6529
4118 , 6531
3355 , 6533
3273 , 6536
3746 , 6540
3757 , 6542
4677 , 6544
4849 , 6549
4786 , 6551
4467 , 6552
3392 , 6558
567 , 6559
3919 , 6563
4120 , 6566
99 , 6567
3842 , 6572
3846 , 6573
3186 , 6571
4792 , 6574
2903 , 6577
3614 , 6586
3753 , 6584
3772 , 6584
595 , 6594
993 , 6691
2555 , 6694
1007 , 6698
2384 , 6700
1893 , 6702
1728 , 6705
996 , 6709
4747 , 6712
1414 , 6714
3886 , 6717
1028 , 6720
1922 , 6723
1802 , 6726
1189 , 6721
1834 , 6731
2388 , 6734
1254 , 6737
1926 , 6740
1833 , 6743
1890 , 6746
1031 , 6749
1239 , 6752
1180 , 6753
948 , 6758
2407 , 6761
1109 , 6764
1041 , 6765
1182 , 6769
1807 , 6765
1281 , 6773
1643 , 6776
977 , 6779
3099 , 6782
1276 , 6785
1823 , 6790
1891 , 6793
2124 , 6796
1509 , 6797
2087 , 6801
1136 , 6804
1132 , 6808
1829 , 6810
1610 , 6813
1279 , 6815
2167 , 6819
2014 , 6824
1682 , 6827
562 , 6829
1055 , 6833
2576 , 6837
1010 , 6838
926 , 6845
2588 , 6844
2383 , 6848
3096 , 6850
1252 , 6851
978 , 6855
2204 , 6858
1174 , 6861
1889 , 6864
965 , 6867
1794 , 6863
1402 , 6879
549 , 6882
906 , 6872
2148 , 6884
4841 , 6885
1315 , 6893
1718 , 6889
968 , 6892
995 , 6895
1097 , 6891
776 , 6893
1937 , 6902
1921 , 6905
2186 , 6908
1969 , 6908
1994 , 6910
1274 , 6883
992 , 6913
2376 , 6917
1527 , 6920
872 , 6923
2701 , 6926
2328 , 6929
1008 , 6939
932 , 6935
1310 , 6938
2350 , 6941
831 , 6949
512 , 6953
952 , 6961
695 , 6964
936 , 6964
4741 , 6961
1306 , 6970
2312 , 6973
1693 , 6975
1692 , 6972
1726 , 6978
884 , 6979
2073 , 6987
1633 , 6991
2363 , 6993
1972 , 6996
1649 , 6999
2321 , 7001
696 , 7004
2366 , 7007
3854 , 7010
1302 , 7012
3018 , 7016
1621 , 7012
1650 , 7022
1816 , 7025
2758 , 7028
835 , 7029
1817 , 7032
655 , 7036
2878 , 7038
1687 , 7040
2355 , 7043
2048 , 7046
1734 , 7049
2301 , 7051
2049 , 7054
1098 , 7058
1984 , 7061
815 , 7063
307 , 7066
927 , 7069
3104 , 7037
2455 , 7030
714 , 7033
3837 , 7036
709 , 7048
2739 , 7049
4781 , 7053
1739 , 7047
2272 , 7056
2099 , 7056
2836 , 7069
2471 , 7071
682 , 7074
1576 , 7075
2209 , 7078
1343 , 7082
1601 , 7085
1318 , 7088
2113 , 7091
4931 , 7094
2145 , 7096
2613 , 7101
2254 , 7102
2477 , 7105
2065 , 7109
1247 , 7105
2263 , 7116
1072 , 7117
4513 , 7119
1227 , 7122
1607 , 7125
1782 , 7119
2653 , 7129
2255 , 7133
2625 , 7136
1605 , 7139
2454 , 7143
3113 , 7145
813 , 7149
2275 , 7152
1866 , 7155
2745 , 7159
4369 , 7161
2736 , 7163
899 , 7166
1357 , 7169
844 , 7173
2250 , 7175
671 , 7178
2617 , 7181
744 , 7184
2259 , 7190
717 , 7191
2727 , 7192
758 , 7196
4839 , 7199
800 , 7202
4784 , 7207
1322 , 7210
1647 , 7213
908 , 7216
753 , 7216
2031 , 7220
974 , 7222
1593 , 7226
1177 , 7229
2114 , 7232
1433 , 7235
624 , 7237
894 , 7240
1914 , 7245
2235 , 7247
1551 , 7249
136 , 7252
2752 , 7255
743 , 7257
1267 , 7260
2656 , 7264
759 , 7267
2009 , 7270
1882 , 7262
2024 , 7276
2882 , 7278
1714 , 7281
121 , 7284
4334 , 7286
2336 , 7290
1588 , 7294
634 , 7295
1387 , 7299
672 , 7304
2299 , 7306
972 , 7312
1071 , 7310
2153 , 7317
555 , 7319
2018 , 7322
898 , 7324
155 , 7327
1850 , 7330
2058 , 7333
603 , 7337
2456 , 7340
1695 , 7342
2238 , 7343
2511 , 7346
2508 , 7351
2219 , 7354
1611 , 7357
967 , 7360
1330 , 7363
2609 , 7366
1459 , 7367
2510 , 7371
1410 , 7374
2285 , 7377
2595 , 7380
2283 , 7383
2165 , 7387
2409 , 7390
1370 , 7394
1464 , 7396
1400 , 7399
2004 , 7402
1993 , 7405
1950 , 7407
2234 , 7410
2323 , 7413
2441 , 7415
635 , 7418
651 , 7421
784 , 7426
325 , 7427
830 , 7430
2197 , 7433
2347 , 7436
893 , 7439
2461 , 7442
2606 , 7445
2446 , 7448
2610 , 7451
1057 , 7454
870 , 7457
4928 , 7461
1280 , 7464
2265 , 7466
1505 , 7468
2626 , 7471
964 , 7475
1201 , 7478
1528 , 7480
1256 , 7484
2365 , 7485
551 , 7488
2345 , 7493
2193 , 7494
799 , 7498
1268 , 7500
4365 , 7502
2013 , 7505
810 , 7508
669 , 7510
1104 , 7514
2141 , 7517
1346 , 7519
2280 , 7523
2356 , 7525
2525 , 7528
2352 , 7530
2178 , 7534
2541 , 7536
1967 , 7539
2722 , 7542
3674 , 7545
135 , 7548
1067 , 7550
2130 , 7553
2117 , 7555
789 , 7560
3129 , 7563
2709 , 7566
2111 , 7570
2005 , 7570
1321 , 7574
2161 , 7577
1137 , 7579
2591 , 7581
2205 , 7585
807 , 7587
2334 , 7590
2419 , 7593
1430 , 7595
1293 , 7598
1592 , 7601
1986 , 7605
1532 , 7607
1103 , 7610
1099 , 7612
2360 , 7616
2348 , 7618
2416 , 7621
115 , 7625
2026 , 7628
805 , 7631
1990 , 7633
945 , 7636
1933 , 7639
1618 , 7642
1877 , 7645
1175 , 7648
2082 , 7651
2418 , 7654
1798 , 7644
2273 , 7645
1778 , 7649
1710 , 7652
1686 , 7657
2531 , 7661
1173 , 7660
1931 , 7663
3019 , 7670
341 , 7673
4949 , 7674
1360 , 7676
1407 , 7681
2487 , 7683
1769 , 7687
600 , 7695
1752 , 7699
1979 , 7702
1171 , 7703
213 , 7706
4231 , 7709
3122 , 7714
1016 , 7717
4625 , 7716
137 , 7723
1392 , 7725
827 , 7728
1363 , 7729
1737 , 7735
321 , 7735
2218 , 7741
956 , 7741
334 , 7745
2168 , 7750
1169 , 7753
1506 , 7756
1641 , 7759
825 , 7762
2325 , 7765
4662 , 7769
1671 , 7771
890 , 7784
1748 , 7778
1988 , 7780
4830 , 7782
1026 , 7784
982 , 7788
339 , 7790
3857 , 7794
1009 , 7797
4640 , 7799
139 , 7802
1319 , 7805
1294 , 7808
1255 , 7817
1289 , 7819
821 , 7822
531 , 7825
746 , 7829
1535 , 7831
4612 , 7833
4953 , 7838
929 , 7840
2654 , 7844
2649 , 7846
1787 , 7850
552 , 7853
1668 , 7856
1502 , 7858
2658 , 7872
3924 , 7865
2040 , 7877
1808 , 7880
1841 , 7883
1632 , 7887
2067 , 7889
659 , 7889
1995 , 7885
2866 , 7885
1388 , 7892
1540 , 7905
2847 , 7895
924 , 7897
2713 , 7903
544 , 7906
1277 , 7920
1197 , 7921
1832 , 7915
3780 , 7918
1987 , 7927
2294 , 7925
768 , 7936
1385 , 7937
2648 , 7937
305 , 7936
3030 , 7949
1537 , 7959
734 , 7946
2395 , 7949
2539 , 7949
3114 , 7953
388 , 7956
4606 , 7959
2154 , 7959
897 , 7974
1237 , 7968
2647 , 7971
2036 , 7974
328 , 7977
3829 , 7980
1659 , 7984
850 , 7996
1826 , 7999
2264 , 8002
848 , 8005
302 , 7997
1398 , 8000
3536 , 8002
2875 , 8005
1270 , 8020
217 , 8013
2897 , 8015
1217 , 8021
1194 , 8023
4627 , 8027
4244 , 8030
1738 , 8033
2059 , 8038
2256 , 8040
2136 , 8044
4696 , 8047
4521 , 8052
2212 , 8055
4681 , 8057
1172 , 8071
190 , 8065
739 , 8078
2241 , 8081
1308 , 8083
2075 , 8088
841 , 8089
887 , 8095
2257 , 8090
661 , 8093
2560 , 8105
2150 , 8109
2484 , 8111
828 , 8113
608 , 8118
2270 , 8116
822 , 8123
1328 , 8126
1777 , 8130
631 , 8134
1434 , 8137
1815 , 8140
2584 , 8143
2269 , 8150
1335 , 8151
1854 , 8154
806 , 8148
1090 , 8160
1354 , 8164
1999 , 8167
2248 , 8174
2100 , 8177
3290 , 8180
1159 , 8183
1079 , 8184
1244 , 8187
1161 , 8191
2102 , 8194
1219 , 8198
878 , 8202
2089 , 8204
1627 , 8208
2184 , 8211
2393 , 8214
1985 , 8218
1445 , 8220
1868 , 8224
1496 , 8227
2373 , 8230
640 , 8223
1198 , 8236
2398 , 8240
1521 , 8243
1248 , 8246
617 , 8249
740 , 8253
1368 , 8256
1943 , 8260
1374 , 8263
3894 , 8266
2236 , 8269
1812 , 8273
949 , 8267
1477 , 8278
1838 , 8279
1074 , 8284
3132 , 8287
737 , 8290
1634 , 8293
1166 , 8297
1130 , 8300
1942 , 8303
1474 , 8305
1371 , 8309
558 , 8312
2479 , 8314
2123 , 8318
2430 , 8321
2399 , 8325
2586 , 8328
602 , 8333
1743 , 8335
2486 , 8338
1765 , 8341
2777 , 8344
627 , 8347
2490 , 8350
1122 , 8353
1070 , 8362
2579 , 8366
1193 , 8369
3130 , 8375
2431 , 8375
2563 , 8378
1204 , 8381
1770 , 8384
1764 , 8386
1167 , 8390
2282 , 8393
2353 , 8396
2424 , 8398
2128 , 8402
2476 , 8405
1774 , 8406
966 , 8410
1499 , 8413
144 , 8405
110 , 8405
4857 , 8408
989 , 8415
2536 , 8414
4260 , 8417
3825 , 8421
1044 , 8425
1359 , 8431
961 , 8431
1971 , 8433
2708 , 8440
4773 , 8439
2760 , 8441
2723 , 8443
2768 , 8447
2125 , 8453
145 , 8455
2121 , 8458
816 , 8461
2801 , 8464
4526 , 8467
1645 , 8472
2855 , 8473
154 , 8472
1210 , 8478
2482 , 8478
160 , 8486
626 , 8489
597 , 8492
689 , 8495
889 , 8495
1901 , 8501
3856 , 8515
2188 , 8515
2520 , 8517
762 , 8523
1566 , 8526
84 , 8526
2380 , 8532
842 , 8536
856 , 8538
1927 , 8540
1888 , 8543
2378 , 8546
2279 , 8549
1033 , 8553
2679 , 8556
2339 , 8558
754 , 8563
1556 , 8568
663 , 8568
1630 , 8568
1653 , 8573
855 , 8577
2182 , 8581
1800 , 8584
1600 , 8587
4844 , 8594
1038 , 8596
2138 , 8596
2445 , 8599
1809 , 8602
2485 , 8610
2885 , 8612
4754 , 8616
138 , 8619
2665 , 8622
3926 , 8626
4042 , 8635
886 , 8645
1000 , 8648
1663 , 8654
3847 , 8663
2504 , 8667
4743 , 8669
4518 , 8672
4380 , 8676
699 , 8682
1333 , 8686
1864 , 8688
2417 , 8692
3136 , 8694
983 , 8697
847 , 8701
752 , 8703
720 , 8709
2243 , 8709
2496 , 8715
946 , 8726
3908 , 7771
128 , 7775
2618 , 7778
2873 , 7790
397 , 7795
4680 , 7796
1179 , 7798
4271 , 7801
297 , 7809
1732 , 7816
1214 , 7820
1626 , 7824
976 , 7826
804 , 7829
164 , 7833
1040 , 7835
1871 , 7838
2726 , 7841
690 , 7844
1342 , 7846
2597 , 7850
1680 , 7853
1404 , 7857
1409 , 7859
698 , 7861
1966 , 7865
616 , 7867
2025 , 7870
1117 , 7872
351 , 7875
3821 , 7879
1953 , 7882
962 , 7886
660 , 7889
2135 , 7891
1776 , 7895
1412 , 7897
2397 , 7905
312 , 7907
981 , 7916
783 , 7921
368 , 7922
770 , 7924
2083 , 7924
1184 , 7927
779 , 7930
636 , 7933
1043 , 7938
2222 , 7938
1401 , 7942
4488 , 7945
2096 , 7948
519 , 7952
2534 , 7955
1215 , 7958
2244 , 7961
777 , 7963
2696 , 7967
87 , 7968
360 , 7974
2489 , 7974
4284 , 7990
1157 , 7991
1460 , 7991
1367 , 7992
1523 , 7992
308 , 7995
371 , 7999
4528 , 8004
4535 , 8006
152 , 8009
178 , 8013
2390 , 8016
2474 , 8018
1216 , 8022
1542 , 8024
1243 , 8028
1983 , 8031
4253 , 8033
3818 , 8040
1564 , 8039
1389 , 8042
1102 , 8046
2070 , 8049
2142 , 8052
2854 , 8055
1431 , 8059
2126 , 8061
1037 , 8065
3899 , 8067
736 , 8070
1534 , 8073
3986 , 8049
3353 , 8052
3272 , 8055
290 , 8058
4787 , 8061
288 , 8064
537 , 8068
2890 , 8071
4632 , 8076
533 , 8079
4266 , 8082
4379 , 8085
4623 , 8088
4388 , 8092
464 , 8095
503 , 8100
4514 , 8101
4240 , 8104
2986 , 8106
4058 , 8109
4661 , 8112
461 , 8115
4235 , 8119
4245 , 8126
4359 , 8126
1793 , 8130
3990 , 8133
3975 , 8135
4665 , 8139
123 , 8141
4419 , 8145
2772 , 8147
4405 , 8150
4351 , 8155
3896 , 8158
4401 , 8161
4663 , 8163
4498 , 8166
4395 , 8169
399 , 8171
529 , 8174
3982 , 8177
2802 , 8180
4023 , 8183
3977 , 8187
4601 , 8191
261 , 8198
2792 , 8199
4215 , 8204
2776 , 8204
3031 , 8205
4225 , 8209
3927 , 8213
2732 , 8216
4278 , 8219
2714 , 8223
3600 , 8226
112 , 8229
3295 , 8233
411 , 8236
492 , 8240
3210 , 8243
3037 , 8245
4567 , 8249
4744 , 8252
105 , 8255
2717 , 8257
484 , 8261
4204 , 8264
493 , 8266
4383 , 8269
3937 , 8271
14 , 8276
4666 , 8278
4559 , 8280
338 , 8283
3624 , 8286
4009 , 8289
3918 , 8291
2770 , 8294
3553 , 8297
3925 , 8300
460 , 8303
4531 , 8305
2876 , 8308
3616 , 8311
243 , 8314
4845 , 8320
257 , 8323
4104 , 8326
3419 , 8329
244 , 8331
491 , 8334
27 , 8337
407 , 8340
13 , 8345
4167 , 8346
3324 , 8349
3827 , 8352
404 , 8354
3405 , 8357
3528 , 8361
494 , 8363
83 , 8366
4108 , 8369
3403 , 8371
3817 , 8374
4053 , 8376
591 , 8379
24 , 8383
3882 , 8387
3583 , 8389
4980 , 8392
485 , 8394
3218 , 8399
572 , 8400
3962 , 8404
4 , 8407
120 , 8414
3609 , 8417
122 , 8420
578 , 8423
3043 , 8422
356 , 8424
3383 , 8426
4909 , 8431
3013 , 8434
3326 , 8441
4538 , 8444
3380 , 8448
4322 , 8448
12 , 8450
3902 , 8453
3307 , 8457
4287 , 8458
4969 , 8462
406 , 8464
4515 , 8468
577 , 8469
4607 , 8473
4706 , 8475
357 , 8478
4658 , 8481
433 , 8486
268 , 8488
4791 , 8490
3303 , 8493
61 , 8496
2743 , 8499
1855 , 8504
3672 , 8506
4194 , 8511
4532 , 8515
4200 , 8524
2712 , 8529
4755 , 8531
273 , 8532
438 , 8538
2724 , 8539
4539 , 8544
337 , 8549
4576 , 8552
3208 , 8553
3448 , 8563
4595 , 8563
4357 , 8568
4971 , 8571
4954 , 8577
3177 , 8580
331 , 8583
3229 , 8588
4871 , 8590
405 , 8601
3382 , 8603
1848 , 8607
4541 , 8608
4593 , 8611
4264 , 8614
300 , 8622
3695 , 8626
4495 , 8629
4859 , 8632
516 , 8636
3201 , 8639
2990 , 8641
2573 , 8644
3189 , 8648
3335 , 8651
3802 , 8653
2974 , 8656
4506 , 8661
3538 , 8662
415 , 8666
240 , 8668
3866 , 8671
4507 , 8674
2698 , 8676
3011 , 8679
96 , 8684
4228 , 8687
3565 , 8689
231 , 8693
247 , 8695
4873 , 8697
2240 , 8699
3581 , 8704
3831 , 8707
3955 , 8709
2734 , 8712
4947 , 8714
4491 , 8718
511 , 8720
2716 , 8723
3378 , 8725
4254 , 8728
446 , 8731
3863 , 8734
3487 , 8736
3677 , 8740
3580 , 8744
4222 , 8747
3478 , 8748
4112 , 8752
3184 , 8754
4770 , 8758
3315 , 8761
4678 , 8762
4880 , 8765
4776 , 8769
2893 , 8771
4102 , 8773
4530 , 8776
2864 , 8779
3604 , 8782
3547 , 8785
3103 , 8787
4603 , 8790
16 , 8794
482 , 8796
3983 , 8798
3368 , 8801
3562 , 8804
3965 , 8808
3912 , 8810
3529 , 8812
4904 , 8815
2622 , 8818
3541 , 8820
3176 , 8823
4452 , 8826
481 , 8829
4094 , 8832
3841 , 8836
3957 , 8837
4323 , 8839
4977 , 8842
3584 , 8843
4536 , 8848
4923 , 8850
4484 , 8854
4891 , 8856
3972 , 8859
3884 , 8862
19 , 8866
2970 , 8869
4263 , 8870
4915 , 8873
2740 , 8876
4963 , 8879
2985 , 8885
2830 , 8874
4740 , 8890
179 , 8889
4878 , 8892
3747 , 8898
389 , 8899
3610 , 8904
3181 , 8907
3707 , 8910
2984 , 8914
4450 , 8914
269 , 8919
3730 , 8920
311 , 8923
3000 , 8926
2737 , 8928
4522 , 8930
322 , 8934
2759 , 8937
2670 , 8938
3758 , 8941
4888 , 8944
3887 , 8948
286 , 8953
3211 , 8956
2738 , 8961
4426 , 8963
236 , 8967
1851 , 8971
2056 , 8969
4689 , 8972
4619 , 8977
4041 , 8979
2315 , 8983
1961 , 8986
4504 , 8987
3167 , 8989
4075 , 8992
3337 , 8993
4519 , 8998
528 , 9001
4517 , 9004
2998 , 9007
4081 , 9002
4317 , 9013
4207 , 9006
1536 , 9009
4516 , 9022
4422 , 9016
4750 , 9027
3144 , 9027
2795 , 9027
3681 , 9028
3333 , 9031
3966 , 9033
3164 , 9038
3540 , 9041
3868 , 9044
455 , 9047
4080 , 9056
3200 , 9061
2559 , 9069
3366 , 9063
3959 , 9075
3639 , 9074
352 , 9082
3869 , 9076
4984 , 9081
4376 , 9090
4899 , 9086
1755 , 9096
2616 , 9089
2741 , 9094
4887 , 9097
101 , 9108
3140 , 9105
4894 , 9104
4083 , 9107
1924 , 9121
3646 , 9118
4544 , 9127
4031 , 9128
3036 , 9132
3247 , 9127
4864 , 9131
2695 , 9135
3706 , 9136
1827 , 9149
2160 , 9142
3169 , 9152
2545 , 9149
1783 , 9152
2915 , 9155
1948 , 9164
3790 , 9162
2960 , 9164
3621 , 9169
4910 , 9172
4664 , 9174
3941 , 9178
3851 , 9183
3915 , 9187
454 , 9187
4261 , 9190
4505 , 9192
3077 , 9195
4399 , 9199
4509 , 9202
3343 , 9205
3457 , 9213
2357 , 9211
3064 , 9220
474 , 9225
239 , 9228
3586 , 9233
701 , 9236
3190 , 9238
1366 , 9243
4050 , 9245
2472 , 9247
3093 , 9250
2480 , 9254
265 , 9258
3573 , 9259
3867 , 9264
3219 , 9268
4490 , 9270
225 , 9274
1667 , 9281
3865 , 9279
2038 , 9282
2845 , 9285
3850 , 9290
3963 , 9295
3752 , 9297
4733 , 9300
3100 , 9303
2901 , 9306
4543 , 9308
2368 , 9311
3334 , 9314
228 , 9317
3170 , 9320
2404 , 9325
18 , 9326
4269 , 9331
43 , 9331
3369 , 9335
4241 , 9338
3226 , 9340
4725 , 9343
3879 , 9346
527 , 9349
3964 , 9351
3488 , 9355
2987 , 9358
2552 , 9362
4377 , 9364
3398 , 9368
3686 , 9370
4336 , 9373
4812 , 9376
3683 , 9379
2687 , 9382
3628 , 9385
3830 , 9387
4267 , 9390
3822 , 9393
181 , 9397
3903 , 9399
4512 , 9402
3921 , 9404
3661 , 9407
3678 , 9410
4719 , 9413
3971 , 9417
3860 , 9419
4465 , 9426
2996 , 9429
2988 , 9432
2590 , 9434
2872 , 9437
449 , 9440
4853 , 9442
216 , 9446
2898 , 9447
2957 , 9452
2754 , 9453
3500 , 9456
4092 , 9460
235 , 9463
3824 , 9467
3816 , 9468
2742 , 9472
4220 , 9473
3922 , 9476
1568 , 9479
3905 , 9483
4335 , 9485
304 , 9489
4788 , 9491
4268 , 9496
615 , 9497
4895 , 9502
4739 , 9503
2704 , 9506
3049 , 9509
4959 , 9515
2623 , 9516
2556 , 9519
3892 , 9525
3391 , 9527
4554 , 9531
4886 , 9535
1395 , 9540
3794 , 9541
3473 , 9546
2296 , 9547
4294 , 9556
3934 , 9561
4837 , 9565
4851 , 9566
2819 , 9573
3413 , 9576
4275 , 9579
3571 , 9583
4212 , 9586
3520 , 9586
327 , 9593
4216 , 9596
486 , 9599
3618 , 9600
4780 , 9602
4071 , 9606
3949 , 9607
465 , 9613
3607 , 9614
2733 , 9616
4117 , 9627
569 , 9630
4086 , 9631
4705 , 9633
4206 , 9638
2231 , 9639
3641 , 9642
4015 , 9647
3555 , 9647
3617 , 9650
4085 , 9655
254 , 9666
3891 , 9670
4208 , 9671
480 , 9677
4115 , 9681
4848 , 9684
4303 , 9688
2879 , 9692
3589 , 9695
3194 , 9695
3074 , 9698
4772 , 9700
4202 , 9704
3968 , 9708
4116 , 9713
3935 , 9716
2941 , 9719
3729 , 9719
3117 , 9723
3470 , 9727
4861 , 9730
3594 , 9727
3671 , 9730
361 , 9736
3855 , 9737
3568 , 9739
590 , 9745
4690 , 9745
2927 , 9750
3684 , 9755
4973 , 9755
3039 , 9758
3481 , 9762
1147 , 9765
2865 , 9767
3537 , 9772
2309 , 9775
4856 , 9780
3320 , 9780
332 , 9786
3468 , 9787
4762 , 9790
2859 , 9793
1029 , 9795
249 , 9801
2932 , 9801
3687 , 9804
3788 , 9809
2953 , 9812
2543 , 9815
2839 , 9817
375 , 9825
2887 , 9826
4646 , 9827
3534 , 9831
4298 , 9831
3557 , 9834
2851 , 9836
4312 , 9839
2958 , 9843
3606 , 9845
3848 , 9849
4884 , 9853
3657 , 9854
3871 , 9859
3381 , 9860
2703 , 9864
3751 , 9868
4272 , 9870
171 , 9876
3110 , 9877
366 , 9881
3514 , 9886
3516 , 9889
3525 , 9890
3650 , 9894
4730 , 9897
229 , 9900
2466 , 9903
2862 , 9905
3293 , 9908
3569 , 9912
3845 , 9914
2367 , 9918
4279 , 9922
4831 , 9923
4252 , 9927
4965 , 9929
3035 , 9933
2261 , 9936
4718 , 9938
2181 , 9941
4648 , 9945
3733 , 9949
3649 , 9952
3839 , 9955
3535 , 9959
324 , 9963
4614 , 9963
2157 , 9967
3647 , 9969
4721 , 9973
246 , 9978
3274 , 9978
242 , 9985
3543 , 9985
4908 , 9989
1886 , 9990
2705 , 9997
2937 , 9996
3631 , 10000
4265 , 10006
348 , 10010
3708 , 10010
4191 , 10017
3120 , 10018
4054 , 10021
252 , 10026
4815 , 10030
3572 , 10032
2644 , 10035
4304 , 10038
4637 , 10043
4394 , 10045
3542 , 10048
4723 , 10054
2659 , 10055
443 , 10061
4480 , 10064
4735 , 10070
3717 , 10069
2467 , 10071
4774 , 10075
2666 , 10077
4796 , 10082
4654 , 10085
3636 , 10090
4854 , 10092
3065 , 10095
4829 , 10101
2972 , 10101
4602 , 10107
3503 , 10110
1036 , 10110
3352 , 10113
2868 , 10120
4448 , 10123
3271 , 10124
4775 , 10128
741 , 10129
3592 , 10135
2685 , 10135
2156 , 10139
4381 , 10141
3782 , 10146
2725 , 10148
2884 , 10153
2808 , 10156
4585 , 10157
4300 , 10157
3549 , 10160
4090 , 10165
2677 , 10167
1220 , 10170
4727 , 10174
430 , 10175
4320 , 10180
2389 , 10181
4501 , 10185
3182 , 10186
3196 , 10188
609 , 10199
3539 , 10202
4669 , 10201
2202 , 10200
1684 , 10206
3832 , 10208
3119 , 10215
2643 , 10214
3360 , 10216
3996 , 10220
2842 , 10225
2916 , 10227
4010 , 10228
3304 , 10231
4457 , 10234
2394 , 10238
1906 , 10242
3187 , 10243
4493 , 10248
4297 , 10249
2620 , 10255
4290 , 10258
4073 , 10261
4938 , 10263
2533 , 10265
3544 , 10267
3862 , 10273
1940 , 10274
2046 , 10276
3735 , 10283
4190 , 10283
3442 , 10287
1080 , 10290
1720 , 10292
3256 , 10295
2432 , 10298
3192 , 10302
3483 , 10306
2918 , 10310
3204 , 10310
4905 , 10316
820 , 10316
4367 , 10320
3958 , 10325
3233 , 10325
4919 , 10332
4123 , 10331
3124 , 10338
2603 , 10338
3651 , 10343
3844 , 10344
4649 , 10347
2509 , 10350
2902 , 10352
2778 , 10356
3350 , 10357
1105 , 10360
3663 , 10365
3171 , 10365
3015 , 10366
2324 , 10371
3909 , 10373
3960 , 10377
3591 , 10378
4875 , 10383
4203 , 10383
4072 , 10389
3475 , 10391
3027 , 10393
3585 , 10394
2950 , 10399
4069 , 10401
4862 , 10406
2671 , 10406
4914 , 10411
4832 , 10415
2172 , 10415
3664 , 10418
4900 , 10423
3550 , 10423
4221 , 10428
3567 , 10430
2980 , 10434
4289 , 10434
3214 , 10440
2120 , 10439
2478 , 10445
4040 , 10447
637 , 10448
4127 , 10451
4599 , 10455
2796 , 10456
2756 , 10460
2888 , 10464
4489 , 10467
2766 , 10469
3961 , 10472
4699 , 10474
4584 , 10477
4390 , 10480
3989 , 10482
3246 , 10484
4274 , 10489
2415 , 10494
3741 , 10495
3744 , 10499
4262 , 10502
4210 , 10502
3920 , 10504
2211 , 10507
766 , 10510
3889 , 10516
1379 , 10516
4476 , 10519
4152 , 10521
4485 , 10526
3786 , 10528
4277 , 10532
1438 , 10535
1049 , 10538
3356 , 10540
2828 , 10543
2843 , 10547
2837 , 10547
3826 , 10550
2374 , 10552
4855 , 10557
3156 , 10556
4902 , 10562
4238 , 10564
2607 , 10567
3109 , 10571
4199 , 10575
2911 , 10577
2349 , 10578
188 , 10595
3257 , 10585
4876 , 10589
1965 , 10590
1813 , 10593
4636 , 10596
4865 , 10600
3637 , 10603
4881 , 10608
3235 , 10608
4700 , 10612
2668 , 10617
2779 , 10617
3354 , 10620
4828 , 10625
2179 , 10626
3471 , 10629
3622 , 10631
2651 , 10636
4597 , 10637
3798 , 10644
3421 , 10647
2757 , 10648
2422 , 10650
1142 , 10654
3763 , 10658
3665 , 10659
4591 , 10663
1761 , 10664
2919 , 10670
3950 , 10672
2629 , 10675
3429 , 10677
3785 , 10681
3289 , 10685
2825 , 10687
3513 , 10690
4306 , 10691
3454 , 10693
2516 , 10699
3828 , 10702
2900 , 10705
4414 , 10708
2751 , 10710
1998 , 10713
2706 , 10717
4137 , 10717
2817 , 10720
3799 , 10725
3059 , 10725
4234 , 10729
301 , 10732
3239 , 10734
4305 , 10740
3533 , 10742
1929 , 10743
4232 , 10746
3175 , 10752
1974 , 10752
1894 , 10755
4809 , 10759
4276 , 10761
3843 , 10765
3344 , 10768
3760 , 10770
4967 , 10774
3930 , 10775
1134 , 10779
2735 , 10781
2813 , 10784
3793 , 10786
3933 , 10790
4292 , 10792
3745 , 10796
3408 , 10799
2749 , 10802
3791 , 10805
4901 , 10808
2697 , 10811
205 , 10813
3081 , 10817
2391 , 10819
2993 , 10821
3097 , 10821
3165 , 10824
4393 , 10827
4352 , 10830
4088 , 10833
3859 , 10836
4337 , 10839
4566 , 10842
3163 , 10845
3422 , 10847
1683 , 10851
4594 , 10853
4569 , 10857
4560 , 10860
3153 , 10862
4562 , 10865
3812 , 10868
4331 , 10870
4805 , 10873
2574 , 10876
4064 , 10878
3720 , 10881
88 , 10883
2971 , 10886
4154 , 10889
504 , 10892
3143 , 10894
905 , 10898
3728 , 10900
4157 , 10903
686 , 10906
3151 , 10909
3658 , 10911
1351 , 10914
2118 , 10917
3494 , 10920
4458 , 10923
4065 , 10927
4549 , 10929
4477 , 10931
2942 , 10936
4473 , 10939
3158 , 10942
379 , 10944
4478 , 10948
184 , 10950
4533 , 10953
2627 , 10956
711 , 10959
3138 , 10961
3277 , 10963
3390 , 10966
4361 , 10969
3711 , 10972
4076 , 10974
3484 , 10977
1123 , 10980
4578 , 10983
1574 , 10986
1345 , 10988
193 , 10991
3994 , 10995
1795 , 10999
4529 , 11001
3715 , 11004
4573 , 11008
4356 , 11010
3160 , 11013
4462 , 11017
3480 , 11018
4550 , 11021
4852 , 11024
4171 , 11026
4176 , 11029
4471 , 11032
3634 , 11035
4455 , 11038
4882 , 11041
3630 , 11046
211 , 11049
3131 , 11061
4434 , 11061
3645 , 11062
4600 , 11062
4349 , 11065
2920 , 11066
3089 , 11069
3328 , 11071
3633 , 11075
3411 , 11078
3329 , 11081
4472 , 11083
277 , 11086
4327 , 11089
4128 , 11091
4579 , 11095
4332 , 11097
2946 , 11100
3743 , 11103
4913 , 11107
2939 , 11109
3800 , 11112
4720 , 11115
283 , 11118
3095 , 11121
4534 , 11123
156 , 11127
3807 , 11130
4002 , 11133
3069 , 11136
4958 , 11139
3084 , 11142
282 , 11145
3409 , 11147
3489 , 11150
4734 , 11154
3071 , 11155
3710 , 11158
4570 , 11162
3266 , 11166
3632 , 11168
4932 , 11172
4125 , 11174
2938 , 11178
4995 , 11181
2377 , 11183
3135 , 11187
3072 , 11189
4392 , 11192
4333 , 11195
2271 , 11198
4034 , 11201
3340 , 11204
1211 , 11206
3620 , 11209
3749 , 11213
1836 , 11216
262 , 11219
3387 , 11222
3094 , 11226
4801 , 11229
3070 , 11231
4374 , 11235
1955 , 11238
4410 , 11240
3693 , 11242
4066 , 11244
2973 , 11249
3379 , 11251
3416 , 11254
4096 , 11257
3029 , 11260
380 , 11264
459 , 11267
4694 , 11270
3376 , 11273
3147 , 11276
4460 , 11280
1487 , 11282
3133 , 11286
4444 , 11288
1830 , 11292
2429 , 11294
3643 , 11297
4186 , 11307
3373 , 11306
4922 , 11310
4223 , 11312
4920 , 11315
4382 , 11317
1 , 11321
85 , 11324
4961 , 11327
3388 , 11330
1862 , 11332
4918 , 11336
3640 , 11339
4178 , 11342
3001 , 11344
3375 , 11348
1186 , 11350
4826 , 11354
4993 , 11357
4802 , 11360
1418 , 11364
3078 , 11367
4188 , 11370
3212 , 11373
11 , 11375
3682 , 11379
588 , 11381
4321 , 11384
4470 , 11387
10 , 11389
3141 , 11393
3795 , 11394
3439 , 11397
4340 , 11401
2904 , 11403
4106 , 11405
4903 , 11409
3372 , 11412
3374 , 11414
3423 , 11417
4371 , 11421
3792 , 11423
4440 , 11427
3490 , 11431
4022 , 11433
3041 , 11436
39 , 11439
3995 , 11442
4714 , 11445
107 , 11451
4418 , 11453
183 , 11456
3756 , 11459
3402 , 11462
450 , 11464
4667 , 11468
4417 , 11471
4175 , 11475
4000 , 11477
226 , 11481
3051 , 11485
4385 , 11487
4375 , 11490
354 , 11492
3522 , 11496
3061 , 11499
4183 , 11502
1004 , 11505
4732 , 11519
3450 , 11511
3407 , 11514
267 , 11518
4184 , 11520
3431 , 11523
4136 , 11526
4314 , 11529
4387 , 11531
1196 , 11534
4048 , 11537
3766 , 11541
223 , 11543
4315 , 11546
4196 , 11548
3300 , 11550
2955 , 11553
4373 , 11557
3465 , 11559
4074 , 11562
4156 , 11565
4082 , 11567
3127 , 11571
3365 , 11574
3092 , 11578
3626 , 11580
4408 , 11583
4777 , 11586
4185 , 11588
3712 , 11601
4330 , 11593
3656 , 11596
1581 , 11600
442 , 11603
3644 , 11605
4135 , 11607
4508 , 11610
4575 , 11600
4062 , 11603
3173 , 11606
4588 , 11609
4013 , 11612
3768 , 11615
4017 , 11616
4420 , 11619
4577 , 11622
48 , 11624
3761 , 11624
2815 , 11752
3126 , 11755
1229 , 11759
826 , 11761
1088 , 11764
1178 , 11766
2320 , 11770
2372 , 11772
2526 , 11775
1518 , 11777
4525 , 11779
4985 , 11782
1373 , 11785
1025 , 11791
2761 , 11793
1260 , 11796
4487 , 11799
1756 , 11802
4629 , 11802
2488 , 11804
1482 , 11808
2853 , 11812
2660 , 11815
2554 , 11818
1470 , 11821
2306 , 11824
986 , 11826
1213 , 11829
1569 , 11832
1063 , 11835
1479 , 11839
1271 , 11842
1089 , 11845
3123 , 11848
2544 , 11850
1557 , 11853
1027 , 11856
2237 , 11858
1814 , 11862
2151 , 11864
4409 , 11867
2523 , 11871
303 , 11873
1884 , 11875
2513 , 11879
939 , 11881
774 , 11884
1677 , 11888
692 , 11890
914 , 11893
3938 , 11896
4968 , 11899
4540 , 11869
3898 , 11872
3299 , 11876
4475 , 11879
3878 , 11882
4325 , 11886
370 , 11891
4095 , 11896
4093 , 11896
4850 , 11898
103 , 11901
3893 , 11905
4846 , 11906
2881 , 11911
4339 , 11915
428 , 11917
496 , 11920
2753 , 11923
3895 , 11927
2961 , 11928
276 , 11932
274 , 11934
2945 , 11937
4270 , 11941
2793 , 11944
4624 , 11947
539 , 11951
3969 , 11953
3835 , 11958
1900 , 11962
4256 , 11966
3308 , 11970
1454 , 11973
4187 , 11974
4759 , 11977
2856 , 11980
3389 , 11982
4198 , 11985
4833 , 11988
4952 , 11992
2956 , 11994
3393 , 11998
2744 , 12001
4344 , 12003
4226 , 12005
1442 , 12009
4161 , 12010
4605 , 12014
333 , 12017
4860 , 12019
3476 , 12022
15 , 12025
581 , 12028
3207 , 12031
3209 , 12034
3691 , 12038
3690 , 12040
4468 , 12043
359 , 12047
4659 , 12049
414 , 12053
6 , 12054
4778 , 12061
3685 , 12062
422 , 12064
520 , 12066
3956 , 12069
4863 , 12072
536 , 12075
4402 , 12071
3309 , 12070
3976 , 12073
4105 , 12077
4892 , 12079
4917 , 12083
4542 , 12086
3885 , 12089
3014 , 12092
2566 , 12094
3931 , 12097
4692 , 12101
3447 , 12103
335 , 12106
593 , 12108
4443 , 12111
3877 , 12115
4921 , 12117
4100 , 12121
4907 , 12125
4943 , 12126
4858 , 12129
4259 , 12132
508 , 12136
4814 , 12139
4789 , 12143
3648 , 12145
4707 , 12147
3578 , 12151
4350 , 12153
4181 , 12156
3967 , 12160
573 , 12161
251 , 12164
570 , 12169
350 , 12171
4742 , 12172
3385 , 12177
594 , 12180
3575 , 12183
3412 , 12183
25 , 12194
4114 , 12195
477 , 12192
4011 , 12196
2781 , 12199
2982 , 12201
440 , 12208
3341 , 12208
3838 , 12210
378 , 12214
3638 , 12215
4043 , 12218
3560 , 12220
4889 , 12224
2940 , 12227
2892 , 12230
4258 , 12232
3558 , 12236
3174 , 12239
2867 , 12242
2963 , 12245
2992 , 12248
4757 , 12251
4293 , 12253
4087 , 12256
4898 , 12260
2968 , 12260
4877 , 12263
4893 , 12267
4437 , 12268
2551 , 12272
4896 , 12275
2905 , 12277
4874 , 12289
2624 , 12298
2858 , 12303
4883 , 12306
4496 , 12316
3418 , 12315
2935 , 12320
4916 , 12323
2906 , 12330
4656 , 12333
3459 , 12337
3007 , 12344
4906 , 12347
4890 , 12349
3185 , 12353
2076 , 12361
241 , 12365
4309 , 12367
4765 , 12371
3998 , 12354
4368 , 12372
2652 , 12374
369 , 12370
2991 , 12380
2548 , 12376
3145 , 12395
4296 , 12393
3714 , 12394
4159 , 12400
298 , 12402
3694 , 12409
3705 , 12413
3498 , 12416
2307 , 12420
3020 , 12422
3727 , 12428
4642 , 12436
2611 , 12434
2936 , 12436
385 , 12439
3762 , 12441
2608 , 12445
2846 , 12448
4652 , 12452
4229 , 12465
2295 , 12461
3680 , 12463
3673 , 12465
2435 , 12475
367 , 12472
3506 , 12481
3659 , 12469
2688 , 12487
1524 , 12484
3028 , 12487
396 , 12481
3146 , 12491
3178 , 12503
2602 , 12497
2333 , 12502
4996 , 12496
3775 , 12512
3502 , 12510
4442 , 12513
3748 , 12515
2975 , 12523
3574 , 12528
3853 , 12526
2680 , 12534
4790 , 12536
2719 , 12539
2267 , 12529
3787 , 12541
4682 , 12548
2630 , 12544
3050 , 12547
3849 , 12558
518 , 12563
4897 , 12567
4583 , 12569
3815 , 12573
3040 , 12576
2448 , 12585
3504 , 12583
3193 , 12584
180 , 12589
3864 , 12592
2894 , 12585
3723 , 12588
3814 , 12599
3203 , 12619
3777 , 12613
3954 , 12625
2969 , 12629
3453 , 12623
3322 , 12635
2078 , 12637
4821 , 12640
2664 , 12647
4247 , 12650
4079 , 12651
2794 , 12656
2789 , 12660
3942 , 12663
3881 , 12675
2039 , 12672
3437 , 12676
3662 , 12679
4758 , 12682
4438 , 12686
3401 , 12690
4089 , 12687
3978 , 12697
4866 , 12690
4456 , 12693
3217 , 12694
1918 , 12697
4820 , 12701
2999 , 12713
453 , 12707
3047 , 12720
476 , 12727
4166 , 12723
2675 , 12726
4589 , 12729
4843 , 12741
3872 , 12736
4524 , 12737
3386 , 12749
3306 , 12754
4655 , 12746
545 , 12748
2899 , 12760
487 , 12770
3813 , 12775
250 , 12778
363 , 12779
1165 , 12781
4838 , 12785
3917 , 12789
4283 , 12791
46 , 12796
1954 , 12789
3198 , 12785
3249 , 12788
3564 , 12792
4160 , 12794
1014 , 12798
3914 , 12801
3251 , 12803
2803 , 12809
4230 , 12810
2206 , 12811
3191 , 12815
4574 , 12820
2805 , 12821
4348 , 12824
3546 , 12828
2812 , 12830
4568 , 12835
4378 , 12841
3021 , 12842
4219 , 12845
1775 , 12846
4311 , 12849
1019 , 12852
2818 , 12856
2764 , 12860
3004 , 12862
4346 , 12865
4285 , 12868
2406 , 12871
3046 , 12874
1873 , 12878
3202 , 12871
1520 , 12884
4211 , 12887
2640 , 12888
4592 , 12892
3642 , 12894
4025 , 12897
3455 , 12902
4868 , 12905
4701 , 12907
386 , 12910
3482 , 12914
2673 , 12919
1885 , 12913
4129 , 12917
3910 , 12928
3718 , 12929
3731 , 12935
3033 , 12938
3605 , 12939
2694 , 12943
3044 , 12946
3152 , 12949
2730 , 12952
253 , 12955
3199 , 12959
3162 , 12963
3499 , 12956
2400 , 12966
3625 , 12969
3883 , 12974
4817 , 12971
4077 , 12975
3076 , 12977
526 , 12981
2041 , 12992
4912 , 12995
3003 , 12996
2989 , 11034
3936 , 11038
2598 , 11040
1567 , 11043
3461 , 11051
2571 , 11056
3463 , 11059
4195 , 11061
3318 , 11064
3297 , 11066
4459 , 11069
4218 , 11072
4454 , 11076
4556 , 11078
2763 , 11081
2638 , 11084
3531 , 11086
3310 , 11091
4273 , 11095
2791 , 11097
4651 , 11100
4464 , 11103
3327 , 11106
4282 , 11108
3197 , 11111
4406 , 11114
2790 , 11116
1597 , 11119
3358 , 11122
2505 , 11125
2494 , 11128
2557 , 11130
2832 , 11133
3410 , 11137
4441 , 11139
1613 , 11143
987 , 11147
3276 , 11148
2874 , 11152
4885 , 11155
2596 , 11158
2834 , 11161
3294 , 11164
4483 , 11166
1380 , 11168
1741 , 11171
1381 , 11174
4479 , 11178
4945 , 11180
4962 , 11186
4975 , 11191
4990 , 11191
4249 , 11193
781 , 11195
4937 , 11198
4329 , 11201
4338 , 11204
2208 , 11207
1529 , 11209
4955 , 11212
3319 , 11214
4970 , 11218
2979 , 11220
2981 , 11224
2995 , 11226
4950 , 11229
1706 , 11232
2809 , 11235
1859 , 11237
1441 , 11241
3252 , 11249
4715 , 11251
2599 , 11254
3244 , 11257
3292 , 11259
1992 , 11262
2502 , 11265
1844 , 11269
845 , 11272
3397 , 11274
4934 , 11277
1559 , 11280
381 , 11283
4972 , 11285
2782 , 11289
882 , 11292
3486 , 11294
2140 , 11298
3284 , 11301
3901 , 11304
2592 , 11307
4030 , 11310
2341 , 11313
3291 , 11316
3495 , 11319
2298 , 11322
2077 , 11325
3296 , 11327
2381 , 11331
2786 , 11334
782 , 11337
2194 , 11344
4147 , 11348
4257 , 11350
2200 , 11354
1865 , 11356
2217 , 11359
4227 , 11362
3689 , 11365
3348 , 11369
372 , 11371
4353 , 11374
3225 , 11377
2224 , 11380
2676 , 11383
3317 , 11387
4748 , 11389
788 , 11392
1399 , 11395
2553 , 11398
1863 , 11401
4179 , 11403
2827 , 11406
4217 , 11410
2788 , 11413
4177 , 11416
2030 , 11420
2614 , 11423
2322 , 11425
3445 , 11430
2821 , 11433
814 , 11436
900 , 11442
1222 , 11448
2594 , 11454
2814 , 11457
2433 , 11460
3492 , 11463
2820 , 11467
4571 , 11470
4028 , 11473
3943 , 11476
2578 , 11479
3231 , 11482
3166 , 11486
4342 , 11489
4182 , 11492
2589 , 11495
2773 , 11498
3154 , 11501
2948 , 11504
2203 , 11508
1758 , 11510
1118 , 11514
4610 , 11517
3063 , 11520
3420 , 11524
4987 , 11526
4994 , 11529
3038 , 11533
1676 , 11536
4427 , 11539
1622 , 11543
3940 , 11546
4779 , 11549
4008 , 11552
4155 , 11556
2829 , 11558
432 , 11561
4004 , 11565
1552 , 11568
3852 , 11572
2621 , 11575
4012 , 11578
4251 , 11581
1488 , 11584
3952 , 11587
4503 , 11590
4001 , 11594
801 , 11596
1733 , 11599
864 , 11602
2689 , 11605
2369 , 11608
2408 , 11610
1904 , 11614
874 , 11617
829 , 11620
4628 , 11623
4019 , 11626
1553 , 11629
1533 , 11632
3820 , 11635
2711 , 11639
910 , 11643
3234 , 11646
3913 , 11650
3363 , 11652
3242 , 11655
4007 , 11659
4067 , 11662
2908 , 11665
2316 , 11669
347 , 11675
4466 , 11679
2354 , 11682
3548 , 11684
4209 , 11687
1084 , 11690
2437 , 11693
1039 , 11696
4243 , 11698
4618 , 11700
1586 , 11703
4695 , 11705
4702 , 11708
4326 , 11711
4499 , 11714
4213 , 11717
4760 , 11719
2465 , 11722
1372 , 11726
1579 , 11728
3195 , 11732
4586 , 11735
1108 , 11738
1609 , 11740
4107 , 11743
2112 , 11745
4803 , 11748
3215 , 11751
4291 , 11753
3240 , 11756
4966 , 11759
2542 , 11762
3259 , 11765
4299 , 11768
4771 , 11771
942 , 11779
2600 , 11779
4596 , 11779
919 , 11782
1316 , 11785
4068 , 11789
2303 , 11792
2824 , 11794
3577 , 11797
2861 , 11800
3923 , 11803
1005 , 11807
3875 , 11809
3395 , 11812
4684 , 11815
4620 , 11817
3660 , 11820
3370 , 11823
3545 , 11827
1486 , 11830
4964 , 11831
2226 , 11834
2811 , 11838
1275 , 11840
598 , 11844
2221 , 11847
2233 , 11849
2871 , 11852
3330 , 11855
1585 , 11857
3467 , 11861
2672 , 11864
4704 , 11872
4997 , 11879
3183 , 11882
3265 , 11886
3022 , 11888
2223 , 11891
2822 , 11894
2896 , 11898
1490 , 11901
3179 , 11905
2633 , 11908
3524 , 11910
2634 , 11912
1853 , 11915
629 , 11918
1719 , 11922
3107 , 11926
4979 , 11928
1651 , 11932
3339 , 11936
2910 , 11939
4328 , 11943
3699 , 11947
3270 , 11950
3150 , 11953
4736 , 11956
4794 , 11959
3688 , 11962
3460 , 11966
2170 , 11969
3551 , 11973
4052 , 11975
3587 , 11978
4288 , 11982
3834 , 11985
3258 , 11988
3679 , 11992
3264 , 11995
4400 , 11998
2686 , 12002
3491 , 12005
4582 , 12007
724 , 12010
2637 , 12013
4731 , 12016
3116 , 12019
4679 , 12021
3345 , 12025
1121 , 12027
4318 , 12031
3128 , 12034
2410 , 12039
1620 , 12041
3742 , 12045
3137 , 12047
134 , 12050
3590 , 12057
3692 , 12058
4255 , 12062
2537 , 12065
1426 , 12068
2667 , 12071
1679 , 12075
3464 , 12077
1531 , 12082
3042 , 12087
3563 , 12089
951 , 12092
3285 , 12095
4764 , 12099
3719 , 12101
2201 , 12105
2535 , 12107
3346 , 12111
2569 , 12113
3770 , 12117
3805 , 12120
3736 , 12123
2604 , 12128
2823 , 12132
4956 , 12133
1847 , 12136
4998 , 12139
1768 , 12142
245 , 12145
3301 , 12148
4239 , 12151
2468 , 12154
4685 , 12157
3697 , 12160
2731 , 12164
4927 , 12166
3603 , 12169
3713 , 12172
2681 , 12175
3801 , 12178
3248 , 12182
3045 , 12184
2702 , 12187
3053 , 12190
2631 , 12195
2797 , 12196
1446 , 12200
3105 , 12202
3440 , 12205
1760 , 12209
4978 , 12212
4940 , 12217
4974 , 12219
2090 , 12222
3653 , 12226
3168 , 12228
2152 , 12228
3338 , 12231
3188 , 12233
3823 , 12237
1696 , 12240
3509 , 12242
3287 , 12245
3944 , 12249
4795 , 12252
2493 , 12254
3676 , 12257
3601 , 12261
3613 , 12264
3765 , 12267
1541 , 12274
3025 , 12276
4084 , 12282
3149 , 12292
3298 , 12288
1428 , 12292
3085 , 12282
3947 , 12298
4020 , 12287
340 , 12290
3236 , 12293
4728 , 12296
3973 , 12299
4141 , 12302
2978 , 12304
4842 , 12309
3507 , 12311
4091 , 12313
439 , 12316
3778 , 12319
4415 , 12322
2994 , 12324
4109 , 12327
3222 , 12329
3781 , 12333
543 , 12335
4057 , 12339
4674 , 12341
3559 , 12344
4818 , 12347
4785 , 12351
4070 , 12353
4807 , 12357
3357 , 12359
3286 , 12367
3359 , 12367
4872 , 12368
2966 , 12371
538 , 12375
4153 , 12377
4150 , 12379
4834 , 12382
4174 , 12384
3666 , 12388
4557 , 12391
4162 , 12395
524 , 12397
3518 , 12400
3596 , 12403
4793 , 12406
4033 , 12409
2787 , 12411
3427 , 12414
3161 , 12417
3796 , 12420
3305 , 12423
4824 , 12426
3280 , 12429
3428 , 12432
4827 , 12434
4396 , 12437
3722 , 12439
4431 , 12443
3598 , 12446
148 , 12449
222 , 12451
3773 , 12455
3769 , 12457
3221 , 12461
4547 , 12463
2965 , 12466
2841 , 12469
3987 , 12472
168 , 12476
3774 , 12486
163 , 12491
4078 , 12493
44 , 12496
4139 , 12499
3283 , 12502
4482 , 12505
2967 , 12508
2838 , 12512
479 , 12516
4097 , 12517
3808 , 12521
4063 , 12524
4099 , 12528
3764 , 12531
3984 , 12534
4016 , 12536
102 , 12539
4430 , 12542
3313 , 12546
4981 , 12550
4403 , 12552
3452 , 12556
77 , 12559
3526 , 12561
452 , 12564
3953 , 12566
4688 , 12569
3900 , 12573
3988 , 12575
4561 , 12578
343 , 12582
204 , 12584
3561 , 12587
2951 , 12590
255 , 12592
4611 , 12602
4613 , 12605
4746 , 12609
3635 , 12612
4412 , 12615
82 , 12618
4413 , 12622
58 , 12624
169 , 12627
3519 , 12630
3669 , 12633
4121 , 12635
3316 , 12638
4138 , 12642
1666 , 12645
4752 , 12649
750 , 12652
3803 , 12655
3951 , 12658
3262 , 12661
1973 , 12664
2926 , 12668
4151 , 12671
3595 , 12673
3570 , 12676
3811 , 12678
4124 , 12682
4144 , 12685
3314 , 12688
4407 , 12693
3424 , 12694
3946 , 12697
3449 , 12699
4197 , 12703
4122 , 12706
89 , 12709
3206 , 12713
4712 , 12716
3588 , 12720
3433 , 12723
4101 , 12727
3597 , 12729
4142 , 12732
4386 , 12735
3066 , 12738
4347 , 12741
3789 , 12743
377 , 12747
4366 , 12749
426 , 12753
3079 , 12755
4111 , 12758
4428 , 12762
509 , 12765
3858 , 12768
4686 , 12772
4463 , 12774
3652 , 12778
4819 , 12781
3703 , 12785
3804 , 12793
3675 , 12797
4425 , 12800
4693 , 12803
3810 , 12807
2849 , 12812
4140 , 12815
3552 , 12818
4421 , 12820
3260 , 12820
3462 , 12823
4039 , 12826
2440 , 12829
3738 , 12833
4389 , 12837
4397 , 12840
345 , 12844
256 , 12847
3279 , 12849
4148 , 12852
3809 , 12855
172 , 12857
3254 , 12860
4355 , 12864
4424 , 12867
266 , 12868
4047 , 12872
3576 , 12876
4110 , 12878
3230 , 12881
3002 , 12884
3311 , 12886
4439 , 12889
4370 , 12893
4145 , 12896
38 , 12899
4170 , 12901
2928 , 12905
4729 , 12908
4879 , 12911
3696 , 12915
4449 , 12917
74 , 12921
1199 , 12924
3312 , 12927
1035 , 12930
71 , 12933
4341 , 12936
3725 , 12939
3430 , 12942
3700 , 12945
4823 , 12948
3087 , 12951
4146 , 12954
3654 , 12956
3554 , 12960
238 , 12962
3404 , 12965
3255 , 12968
4060 , 12972
4565 , 12974
3139 , 12977
4372 , 12980
3102 , 12983
4164 , 12987
862 , 12989
4672 , 12993
540 , 12997
4911 , 13000
4580 , 13005
4653 , 13007
751 , 13010
2949 , 13013
4924 , 13016
576 , 13019
4500 , 13022
3469 , 13026
4201 , 13028
3629 , 13031
3142 , 13034
4598 , 13038
4697 , 13040
3302 , 13043
280 , 13047
4564 , 13050
4168 , 13053
3148 , 13056
4165 , 13059
2921 , 13062
4324 , 13064
2922 , 13068
3384 , 13071
4003 , 13082
4131 , 13071
3232 , 13062
3253 , 13074
3275 , 13070
3754 , 8979
3082 , 8980
